SentimentText,Sentiment
0 1 공통점,0
0 국어 구사 아이돌,0
04 도깨비 은탁 엔딩 사랑 물리학,0
1 1만 키로 정도,0
1 1박2일 2 정준영 등장 눈물 김종민,0
1 1차세계대전 세계 대전 자비,0
1 35 비율 열차포 프라 모델,0
1 35.4 약간 딸 사진,0
1 때 노래 제목 그룹,0
1 박근혜,1
1 방송 후 폐지 예능,0
1 요청 시국 서명 부탁,0
1 요청 시국 서명 부탁,1
1 작붕 난 클로저스 애니,0
1 전 가격 얼마,0
1 전 열풍,0
1 정준영 복귀 본격 회의 시작,0
1 차 9 공무원 월 실수령액,0
1 출시 예정 신형 크루즈,0
1 폐지 방송,0
10 30 중국 충칭 변화,0
10 만점,0
10 얼굴 역변,0
10 핸드폰 교체,0
100 대중화,0
100 총,0
11 12 데일리 룩 모음 데이터 주의,0
11 심야 전기 20만,0
110만 행복,0
11번가 11 쿠폰 개악,0
11번가 당첨,0
11번가 버거킹 90 환불,0
11번가 산타 추적 추적60분 60,0
12 10 일본 가정식,0
12 11 문재인 국가 대청소 6 제안,1
12 12 이재명 문재인 언급량 비교,1
12 12,0
12 13 0 컴백 빅뱅,0
12 9 현재 국회 의원 후원 마감 현황,1
12 개 운전자,0
12 섹끈 녀,0
12 전 노대통령 탄핵 때 정세균 의원 영상,1
12 전 노무현 대통령 탄핵 당시 정세균 의장,1
12 포스터,0
12.11 오늘 천태호 라이딩,0
120 반납 책,0
122 미인 대회 우승자,0
1234 56 7 8 기대,0
144 테스트,0
14조 17 동안 판 세계 최장 터널,0
15 가수 비키니,0
15 다음 다음카페 카페 약 댓글 모음,0
15 아들 신경 엄마,0
15 오르가즘 남자,0
15 완벽 몸매 본 물병,0
15 현재 순위,0
15,0
16 대선 노무현 18 대선 문재인 여론 조사 한국 갤럽,1
16 문과 아웃풋,0
16 아이돌 급 외모 배우,0
161204 아이유 콘서트 걸음 직찍 무기,0
161209 산 콘 서 트 갤주 사진 18p 인별 중복,0
161211 갈비 수원,0
161211 수원 채영 16p,0
17 금난,0
17 금방 금 길 남녀 광란,0
17 금시 노자키 아이 슴가 크기 오피셜,0
17 금이정 도면 꽃돼지,0
17 미스 미스코리아 코리아 김진솔 몸매,0
17 미스 춘향 미스 미스코리아 코리아,0
17 왁싱녀 호 불호,0
17 주번나 개인 개인의취향 취향 1 2 3,0
17 주번나 낚시,0
17 후덕 호불호 샤넌,0
18 망가,0
18 영국군 전투 장면,0
18 원기부 김광진 꿀팁,1
18 유행 드레스,0
18 일본 위스키 온 더 락,0
18 저도 개소리,0
18 주갤 역사 최강 인증녀,0
18 직장녀,0
18 후원 관련 선관위 오피셜,0
18 후원 김광진 전의원 팁,1
18,0
19 뉴스 진행자 전면 교체,0
19 당신 실전 중국어,0
19 대선 미연시,0
19 동생 자작 앨범 19,0
19 로리 주장,0
19 민주주의 건배,1
19 밥 급딸 침,0
19 섹드립 주의 오유 4 행정 내연 기관,0
19 실제 후 깨달음,0
19 여자 남자 손,0
19 여자 여자친구 친구 이번 주 시험 내일 알바,0
19 여친 진도 노하우,0
19 연예인 중 가장 경악 대물,0
19 우병우 관련 보고 사무실,1
19 이제 드림 팀,0
19 자살 커플,0
19 자세 후배 갑,0
19 저도 고모부,0
19 저도 사리,0
19 저도 야짤,0
19 저도 원본,0
19 저도 한조,0
19 직딩 모습 짤방,0
19 진짜 쌍둥이 자매 데뷔,0
19 체위 최고,0
19 최음제 후기,0
19 키,0
19,0
190800,0
1949 시카고,0
1960 런던,0
1960 시카고,0
19금 2 200만 아가씨,0
19금 24 강직도,0
19금 개인 처녀 구별 법,0
19금 관계 중 분위기 때,0
19금 귀 혀 은근 신세계,0
19금 난,0
19금 논란 전효성 시스룩 보이,0
19금 목욕탕 청소 알바 가게 청소,0
19금 성 관계 때 여자,0
19금 섹스 체위 하나,0
19금 야밤 커플 성욕 일,0
19금 여성 상위 다 극호,0
19금 여성 상위 뒤 때 최고,0
19금 여성 상위 자세 최고,0
19금 여성 상위 타입 비율,0
19금 여자 성욕 때 여자 윤활류 관련,0
19금 여자 여자친구 친구 잠자리 때,0
19금 여초 난리 난 여성 자위 기구,0
19금 여친 관계 때 가장 이해,0
19금 여친 초대,0
19금 예상 불펜 모쏠 기믹 천국,0
19금 일본 예능 가능,0
19금 처녀 처음 때,0
19금 처음 5 컷,0
19금 커피,0
19금 탄핵 가결 기념,0
19금 탄핵 기념 모텔 무료 이용,0
19금 탄핵 기념 모텔 무료 이용,1
19금 현실 체위,0
19금 현재 일본 랭킹 1,0
19금 후배위 다,0
19금 후배위 때 자세,0
19금,0
19금제 체위,0
1dx 16 35 2.8 16 35 3 느낌,0
1만 2천 소형 온풍기 장난,0
1억 대출 24 2억 대출 33 선택,0
1억 차,0
2 37억 번 여자,0
2 냥줍 후기,0
2 선전 포고,0
2 야구 중계 영화,0
2 여자 여자친구 친구 결혼 얘기,0
2 차인표 황교안,1
2 청문회 여명숙 게임물 관리 위원장,1
2 커플링 이유,0
20 30 여성 내 몸 내 선택 낙태 수술 합,0
20 다현 사나,0
20 대통령 사망 저주,0
20 무한 부팅 논란 소비자,0
20 야구 공 물,0
20 전 코리안 타임 말,0
20 후반 여배우 강한나,0
2001 영화 촬영 기법,0
2004 당시 박근혜,1
2004 정세균 모습,1
2004 탄핵 때 국회 본회의장 다이내믹,1
2011 마이바흐 57s,0
2011 학년도 서울대 빵꾸,0
2016 가요 대전 라인업,0
2016 공무원 추가 합격 레전드,0
2016 대한민국 정치 4 요약,1
2016 마지막 최고 유행어 길,0
2016 미국 시카고,0
2016 병신년 총정리,0
2016 연말 라켓 정리 1,0
2016 올해 팝송,0
2016 요약,0
2016 월별 요약,0
2016 일본 지역 순위,0
2016 장식 인물,0
2016 중국 스타 상업성 가치 순위 100,0
2016 트로이 목마,0
2016.12.10 여수 공항 출사 11,0
2016.12.11 주말 낚시,0
2017 학년도 박근혜 수능 성적 표,1
2030 평균 연봉,0
207 김동현,0
20만 조립 사건,0
20만 컴퓨터 후기,0
21 무환 동력,0
21 전 뽀뽀뽀 손석희 가족,0
22 전 손석희 플러스 노무현,1
23 경험 숫총각 모태 쏠로,0
23 성욕 좀 위험,0
23 알바남 책상 인증,0
234 소름 이유,0
234,0
24 아들 우리애,0
24.9 취미 생활,0
25 상품권 뿌리,0
25 전 3만 산 땅 45만,0
250 460 후기,0
28 여자 남친 나이,0
29,0
29금 우와 박그네,0
2tb 시대,0
3 4 싸이판 여행 후기,0
3 비자금 발견,0
3 전 놋북 때 램 4 주축,0
30 남자 평균 몸매,0
30 묵동 엽총 사건 초딩 밴드 얘기,0
30 아재 6 소비 내역,0
30 아재 결혼 포기 이유,0
30 여성 결혼 포기 이유,0
30 후 국사 시험 범위,0
3000 검거 전직 형사,0
31 남자 간호학과,0
32 남 24 추정 까페 알바 작업,0
32 혼사남 집밥,0
35 무직 한국인 후쿠시마 불상 100 파괴 혐의 체포,0
361 소리야,0
37 전 오늘 대통령,0
37 전 오늘 전두환 노태우 주도 12 12,1
37 혐 산호,0
3천 검거 전직 형사 일침,0
4 감상 2 저승 얘기,0
4 당선 사직서 의원,1
4 박근혜 미스테리,1
4 예능,0
40 사촌 형님 재혼,0
40 초반 유부남,0
40 촛불 혁명 영웅,0
41,0
43 셔틀콕 컨트롤,0
48 65 사진 유,0
48 신성우,0
4만,0
5 6 치킨 집,0
5 동안 옴니아 2,0
5 보험 사기,0
5 시작 주갤러,0
5 안 6 공짜 돈까스,0
5 연하 연애,0
5 와이파이 대역,0
5 은행장 내년 집값 15,0
5 전 7 8 조선 뉴스 속보,1
5 전 와이프 리즈 시절 여름 사진 모음,0
5 전 워해머 놈 단상,0
5 청문회,1
50 렌즈 가격,0
50 할인 판매 이후,0
509 경비 아저씨,0
52 박근혜 오늘 오늘의운세 운세,1
520 허 번호판,0
528i,0
55 모니터 무리,0
55 삼성 대란,0
55 생각,0
5만 머리,0
6 동안 기록,0
6 모녀 시민,0
6 처음 겨울 잠바 잠바 0,0
600 시도 광고 칸나,0
600 이상 시도 성공,0
600,0
63 촛불 집회 참가자,0
6천 밥상,0
7 2 35 28z 이케아 조명,0
7 2 일상 커피,0
7 3 관련,0
7 뚱냥이,0
7 세븐갤,0
7000 전주 지역 백반,0
72 20,0
750 틸트 액정,0
8 뉴스 김성준 전 앵커 복귀,0
8 인간 봉인 치욕,0
8 정도 맥주 2 소주 병,0
8 컴백 엄정화,0
80 90 배우 조용원,0
85n 35n 인물,0
9 공무원 6 합격 가능,0
9 스포티지 100만,0
90 서울 풍경,0
92 동정남,0
970 상황 요약,0
s.e.s 걸스데이 내년 1 걸 그룹,0
s.e.s 스페셜 앨범 티저 이미지,0
가 계속 옷 결말,0
가 뜻,0
가게 카드 거부 신고,0
가결 기념 민원,0
가결 기념 이벤트 이벤트 가게,0
가결 기념,0
가결 발표 직후 고등 고등학교 학교,0
가결 순간 눈물 세월호 유족,1
가결 순간 더 민주 민병두,1
가결 순간 오열 유가족,1
가결 순간 표창원 포옹,1
가결 확정 발표 순간 모공,0
가결 후 눈물 세월호 유가족,1
가결 후 본회의장 추미 우상호,1
가결,0
가난 시인 5 청혼 여자,0
가난,0
가난뱅이 흙 수저 집 주말 저녁 파티 메뉴,0
가발 착샷 면상 공개 주의 요망,0
가스파드,0
가슴 활용 법,0
가슴 후방,0
가요 대전 1 라인업 장난,0
가우스 전자 오늘 자,0
가족 아롱이 둘째 천둥 사진,0
가짜 사나이 유일 리얼 장면,0
가천대 이재명 석사 논문 유효 표절 심사 대상,1
가천대,0
각하 가결,0
각하 게임 대국,0
각하 꽃길,0
간만 국수,0
간만 연애 포럼,0
간만 촬영,0
간만 탄핵 기념 문신,0
간만 탄핵 기념 문신,1
간지,0
간호 장교 14 청문회 출석,1
갈기 사자 위용,0
감귤 표 키 망가,0
감동 고양이,0
감동 내일 학교 졸업 어르신 시,0
감동 사진 2,0
감동 생일 축하,0
감동 샤이 박근혜,1
감동 여자 빙의 만화,0
감동 정치 고개,0
감동 주의 사진 사람 일생,0
감사 반기문,1
감자 칩 서열,0
갓 데리아 고객 불만 서비스,0
갓 스티니 차일드 콜라보,0
강남 10 원룸,0
강남 구 위엄,0
강남 순환로,0
강남 역 멘야 산다이메,0
강남 역 박근혜 소변기,1
강도질 친구,0
강동원 씬,0
강동원 탈모,0
강미나 뜻밖 재능 발견,0
강원도 김진태 근황,1
강원도 새누 리딩 상황,1
강제 창씨개명 주갤,0
강지영 아나 미모 상당,0
강지영 아나운서 모음,0
강지영 아나운서 실망,0
강지영 아나운서 인스타,0
강지영 안경 짤 마구 아무거,0
강지영 안경,0
강호 자영업,0
강호동 강호동,0
개 개와고양이 고양이 차이,0
개 고양이,0
개 산책,0
개 여자 뒤,0
개,0
개고기 반대 사람 짤,0
개년 3 상황 설명,0
개념 요청 도댕,0
개누리 비박 의원 8 죄 순실 남자 지목,1
개발 속도 30,0
개발자 머그 컵,0
개인 문재인 이유,1
개인 연애 10 계명,0
개인 처녀 구별 법,0
개인 톡 이유,0
개지랄,0
개집 방한 대비,0
개헌 정국 물타기,0
갤 디펜스 성애자,0
갤 럼 예상,0
갤 피카소 84,0
갤 피카소 85,0
갤 피카소 86,0
갤럭시 갤럭시s7 과 엣지 개꿀팁,0
거대 끝판왕 후방,0
거대 할리 퀸,0
거지 갑 구걸 요청,0
거짓말 메모,0
거품,0
건담 0083 참 특별 게,0
걸 그룹 공항 시선 싹쓸이 미모,0
걸 그룹 단발 단발머리 머리,0
걸 그룹 막장 삼각 삼각관계 관계,0
걸 그룹 탑 티어 원탑,0
걸판 갤 하루카 배 미니 대회 상품,0
걸판 요리 시베리아 니나 특급 러시아 전투 식량 시식기 2,0
검스 살스,0
검정 검정고시 고시 1,0
검증 실제론 자기 세간 사람,0
검증 주장 분 후보 검증 중요 이슈,1
검찰 고영태 제출 태블릿,0
검찰 수사과 정서 박 대통령 범행 주도 확인,0
검찰 우병우 김기춘,1
검찰 창고 대방출,0
검찰 피해 이유 잠정 결론,0
게시판 항의,0
게시판,0
게이밍 모니터 144 1060 사서 오버 오버워치 워치,0
게임 1 죽창,0
게임 12 2 차 pc방 평균 점유율 순위,0
게임 게임 딜 미터기 경우,0
게임 게임 정발 취소 위험 이유,0
게임 기술,0
게임 넥슨 하이퍼 유니버스 메갈 논란,0
게임 다음 다음캐쉬 캐쉬 조심,0
게임 버그,0
게임 속 얀데레 공주,0
게임 여동생,0
게임 연출 수준,0
게임 원어 제맛 웃음,0
게임 이번 도타 건물,0
게임 주갤러 위엄,0
게임 중동 최고 류 북미 최고 장기예프,0
게임 하이퍼 유니버스 움짤,0
겨울 분홍 꽃무늬 원피스,0
결과물 이상 얼룩이,0
결국 청문회 엉터리,1
결론 고영태 국회 의원 기자 논거 얘기,1
결합 s.e.s 티저 공개 레전드 다운 미모,0
결혼 상대 여성,0
결혼,0
결혼식,0
경기전 눈싸움,0
경상도 토박이 집안 어머니 박근혜,1
경선 룰 더 민주 지도부,1
경원대 이름 가천대,0
경주 3.3 지진 울산 시민,0
경주 지진,0
경찰 도망,0
경찰 발견,0
경찰 변화,0
경찰 시위녀,0
경축 김성태 새누리당 해체,1
경호 제공,0
계란 값 두배로,0
계란 사재기,0
계란 후라이,0
계속,0
계약 후회,0
계층 1060 970,0
계층 17 대한민국 남자 경험 하,0
계층 30 아재 결혼 포기 이유,0
계층 36000 원 짜장 우동,0
계층 8만 100만 마법,0
계층 게임 레벨 업 대신,0
계층 경주 3.3 지진 발생,0
계층 고민,0
계층 공기 무한 무한동력 동력,0
계층 공포 유산균 어플,0
계층 군고구마 취향,0
계층 기분,0
계층 기자 소원,0
계층 남자 어깨 이유,0
계층 내년 실사 영화 칸나 짤,0
계층 느낌 이상 두피 마사지기,0
계층 단계 건프라 입문 추천,0
계층 대학 스킨십,0
계층 데이타 중국 고퀄 코스플레이 모음,0
계층 도깨비 팬아트,0
계층 랜섬웨어 근황,0
계층 레지던 드 이블 감독 차기작 중대 발표,0
계층 메이저 메이저리그 리그 호수비,0
계층 바보 사나,0
계층 부모 댁,0
계층 불륜녀 사랑,0
계층 서민 맛,0
계층 서울 우유 이상 출시,0
계층 설현 직접 서비스,0
계층 스압 20 전재산,0
계층 어벤져스 3 다람쥐 소녀 등장,0
계층 여선배 후배 집 만화,0
계층 역대 급,0
계층 연차 국회 의사당,0
계층 열도 방송 현황,0
계층 오늘 자 박지원 의원 감성 멘트,1
계층 오늘 자 최두호,0
계층 음 날 병사 사기,0
계층 일본 주부 모유 수유 고충 썰,0
계층 재무 설계 1 보충,0
계층 재무 설계 2 세금,0
계층 재무 설계 추가 예정,0
계층 전기 누진세 개편 눈탱이 기분,0
계층 전생 물 만화 신작 발표,0
계층 점,0
계층 최고령 할아버지 인터뷰,0
계층 콘서트 암표 거래 방법,0
계층 탄핵 일,0
계층 패닉 상태 유저,0
계층 포스터,0
계층 한때 유행 뽀뽀 누나,0
계층 후방 돌핀 팬츠,0
계층 흡연자 분 궁지 사람,0
계층,0
고고학자 단체 멘붕 유적,0
고귀 여기사 오크 빙의 만화,0
고급 교과서,0
고도리,0
고독 고독한미식가 미식가 이케부쿠로,0
고독 고독한미식가 미식가,0
고독 폴 폴아웃 아웃 4,0
고독 폴 폴아웃 아웃 4,1
고등 고등학교 학교 때 사이 친구 인스타 뉴스킨,0
고등 학생 조니 조니뎁 뎁,0
고려 말 왜구 규모,0
고려대 김선택 교수 헌재 탄핵 기각 확률,1
고문 도구,0
고문 방법,0
고문 불필요,0
고민 공부 신차,0
고민 저도 고민 하나 유,0
고발 뉴스 이상호 기자 보호 시민 우리 목숨,1
고발 뉴스 정기 후원,0
고붕 패러 패러글라이딩 글라이딩,0
고생 김제동 한마디 해,0
고생 김제동 한마디 해,1
고성국 망친 정치인,1
고성국 패널 신 신의한수,0
고소,0
고속도로 사건 하나,0
고속도로,0
고수 인스타 소통,0
고심 끝 주방 칼 하나,0
고양이 구출,0
고양이 무료 분양 글,0
고양이 분양자 분양 조건 펌,0
고양이 약,0
고양이 친구 절 위로,0
고양이,0
고영태 개 10 쓰레기 새끼,0
고영태 거짓말,1
고영태 그림 사실,1
고영태 꼴,0
고영태 꼴,1
고영태 누가 거짓말 하나 요약,1
고영태 멘탈 자부심,1
고영태 밀착 취재,1
고영태 박해진 사진 이상 게,0
고영태 밥,1
고영태 부친,0
고영태 빅 빅픽쳐 픽쳐,1
고영태 빼박 위증,1
고영태 사기꾼 새끼,1
고영태 생각 필요,1
고영태 식당 밥,1
고영태 야 일베,0
고영태 양반 거짓말 쟁이,1
고영태 열사,1
고영태 영화 주인공 추천,0
고영태 운동 능력,0
고영태 위증 보도,1
고영태 위증 쓰레기,1
고영태 위증 죄 추가,1
고영태 위증 죄,1
고영태 위증 테블렛 입수 경로,1
고영태 위증 확정,1
고영태 위증,1
고영태 이해 빼박 위증 죄,1
고영태 자서전 뒷표지,1
고영태 자서전 최종판,1
고영태 자서전,1
고영태 청문회 위증,1
고영태 최순실 장시호,1
고영태 코트,0
고영태 태블릿 팩트,1
고영태 펜싱 금메달 리스트 점 최순실 외압 가능성,1
고영태 하루,1
고영태 하태경 한겨레,1
고영태 현재 속마음,0
고영태 화,0
고영태,1
고영태면 아시안 펜싱 넘버원 호빠 생각,0
고자 온천,0
고전 마스크 아이돌 커플,0
고전 성유리 윤계상 메일 해킹 사건,0
고전 야겜 리얼리티,0
고졸 10 공부 박사 학위 과정 지인,0
고추 밭 카톡 방 특징,0
고층 아파트 탑층,0
고현정 트랜스젠더,0
고호경 근황,0
고화질 161201 인천 인천공항 공항 채영 비비드 필름,0
고화질 161211 정연 6 유독,0
곡성 룩 할리우드 진출,0
곡성 장면,0
골목 폭행 미국인,0
골목길 차 차주 잘못,0
골반 교정 방법,0
곰,0
곳 시급,0
공 깨비 때 저승 저승사자 사자,0
공 수박,0
공격 포문,0
공공 기관 외제 차 눈치,0
공대남 향수,0
공대생 옷 외모 돈,0
공무원 대학생,0
공무원,0
공부 방해꾼 갑,0
공부 배우자 결혼 경우 자식 공부 확률,0
공식 만화,0
공식 응원봉,0
공약 박근혜 탄핵 가결 시 피자 3,1
공용 샤워실 공 머생,0
공유 도깨비 5 거절 지금 생각,0
공유기,0
공인 국민 8,0
공주중 최고 오로라 오로라공주 공주,0
공중파 5 폐지 예능,0
공포 남혐 포켓몬,0
공포 본죽,0
공포 아헤가오 테러,0
공포 편집,0
공항 국지성 호우,0
공항 수지,0
과격 흑형 시위,0
과메기 상 소주,0
과자 광고,0
과자 독특,0
과자 표지,0
과제 기절,0
곽정은 곽정은 부제,0
곽정은 곽정은,0
곽정은 근황,0
곽정은 여자 경우,0
곽정은 이해 사람,0
곽정은 팩트 폭행,0
곽정은 폭격,0
곽정은,0
관객 워너비 김진호 가족 가족사진 사진 독백,0
관련,0
괌 비,0
광고 섹드립,0
광고,0
광룡 노예 망가,0
광주 시민 탄핵 버스 3 국회 출발 우리 민,1
광화문 노리 공 손님,0
광화문 등장 볼빨간 사준기,0
광화문 집회 후기 18,0
교수 강의,0
교수 개 빡치,0
교수 비밀 게임,0
교통 사고 관련 질문 블박,0
교통 체증 원인,0
교회 분 질문,0
교회 붕괴 직전,0
교회 형님 집회,0
구구단 미나 개념 볼 트래핑,0
구국 정호성 와이프,1
구글 검색어 자동 완성,0
구글 결제 최고,0
구름,0
구속 가능성,0
구이 바다,0
국까 락 찔이 입 다물 게 한국 밴드,0
국내 도입 선진국 투표함,0
국내 사진 업계 모델 인물 인물사진 사진 주 이유,0
국내 최초 2 버스 근황,0
국내 힙합 특징,0
국민 국민은행 은행 근속 10 차 이상 13000 직원 대상 희망 퇴직 신청,0
국민 국민의당 당 김동철 개헌 논의 착수,1
국민 국민의당 당 이용주 의원 비서관 고충,1
국민 국민의당 당 지지율 추풍낙엽,1
국민 국민의당 당 최경환 의원 오해 받음,1
국민 연금,0
국민 영화,0
국민,0
국민,1
국민당,1
국방부 3 이유,0
국방부 간호 장교 14 청문회 참석,1
국방부 근무 간호 장교 국조 증인 출석 의사,1
국방부 연수 간호 장교 14 청문회 참석 불가,1
국산 애니메이션 클로저스 수준,0
국정원 여직원 강남 오피,0
국정원 은신처 디씨,1
국정원 은신처 주갤러,1
국정원 해체 답,0
국정원 활동 시작,1
국조 최순실,1
국조 특위 재벌 총수 소환,0
국회 다비드 다비드비야 비야,0
국회 박근혜 대통령 탄핵안 무기명 표결 시작 국회 의원 300 전원 참석 속보,1
국회 방송 대박,1
국회 보수 단체 집회 인원 500 증가,1
국회 봉쇄,0
국회 상황,0
국회 앞 경찰 시위대 폭력 행사,1
국회 앞 도착 탄핵 소녀,1
국회 앞 불도저 출현 1 현장,0
국회 앞 상황,1
국회 앞 소녀상,0
국회 앞 쇼,1
국회 앞 아침,0
국회 앞 악마 악마를보았다 악마 친구 김치 남,0
국회 앞 장동건,0
국회 앞 장때비 속 밤샘 집 회중,0
국회 앞 천명 박사모,1
국회 앞,0
국회 옆 회사 앞 상황,0
국회 용자 이정현 의원실 앞,1
국회 의사당 1 출구 앞 현재,1
국회 의사당 역상 황,1
국회 의사당,1
국회 의원 300 전원 투표 참석,1
국회 의원 김해영,1
국회 의원 불편 시민 빛 일,0
국회 의원 사퇴 사람,1
국회 의원 양심 투표,1
국회 의원 완영 극 극,1
국회 의원 하태경 학벌,1
국회 의원 후원 공무원,0
국회 의원 후원,0
국회 의원 후원,1
국회 의원,0
국회 의장 정세균 의원 위엄,1
국회 이재명 박원순 팀 플레이,1
국회 이정현 의원 사무실 현황,1
국회 이타치 등장,0
국회 인증 청래,1
국회 탄핵 가결 시 헌재 결정 생각,1
국회 탄핵안 가결 이후 일정,1
군 모닝,0
군 생활 끝 이유,0
군 생활 막판 영물,0
군 생활 얘,0
군 시절 식판 세제,0
군대 4,0
군대 간부,0
군대 관련 드라마 고증 수준,0
군대 국기 경례 때 충성 소리 이유,0
군대 다음 중 가장,0
군대 밥도둑,0
군대 양귀비,0
군대 짬밥 시절,0
군대 하루 일과,0
군대 훈련소 첫날밤 이후 아침,0
군밤 장사 패딩,0
군산 여행 9900,0
군인 다리,0
군인 동계 휴가 제주 먹방,0
군인 식사 중요성,0
군인 창작 무리 옛날 창작물,0
군인,0
군필돌,0
군필자 기억 폭행,0
군필자 추억 폭행,0
굿,0
권나라,0
권아솔 경기 직후,0
권한 대행 고건 전 총리 전례,1
귀귀 섹드립,0
귀신 사진,0
그간 추미애 대표 불만,1
그때 오바질,0
그때 현재 78.2,0
그라비티 러쉬 캣,0
그래픽 디자이너 선물,0
그렌져 신형,0
그린 플래쉬 셀러 3 양조장 방문기,0
그림 미국 불평등,0
그림,0
그림쟁이 6 그림 변화,0
그알 미스테리 장면,0
그알 사람,0
극한 극한직업 직업 걸 그룹 매니져,0
극한 극한직업 직업 기사,0
극한 극한직업 직업,0
극혐 시체 주의 이야기 시체 농장 동영상,0
극혐 주의 춘천 거지계,0
근력 운동 모음,0
근처 어르신 여론,0
근혜 꽃길,1
근황 탄핵 가결 주장 이유,1
근황,0
글 때 팩트 제시 후 의견 좀,0
글 열 저격 자게이 게이 이유,0
글,0
금강 일보 패기,0
금리 10,0
금리 옆자리 선임,0
금붕어 똥,0
금일 여의도 국회 의사당 후기,1
금일자 대선 지지율,1
금지 미래 미래사회 사회 모습,0
금태섭 의원 트윗,1
급 최순실,1
급똥 화장실 문 여직원,0
기 린,0
기관사 열등감 구간,0
기대 대박,0
기록,0
기변 인증,0
기분 때 개념 셀카질,0
기분 짤,0
기분 카톡,0
기사 뉴스 룸 손석희 9 탄핵 소추 안 표결 직접 진행,1
기사 최순실 남자 명단 발표 8 당,1
기상 기상캐스터 캐스터,0
기성용 대표 팀 주장 중국,0
기성용 스완지 실제 실수령액,0
기성용,0
기술 플레이어 인가,0
기습 블루투스 온 헤드폰 블루투스 이어셋,0
기억 메카 애니,0
기억 폭력,0
기자 눈물,0
기자 수준,0
기자 스탠드 스탠드업 업 중 빼꼼,0
기자 우병우 때 대처 법,1
기자 캡쳐 업데이트 1,0
기적 공대 오빠 후속 편,0
기준 19 생일 초 깨비 온 이유 글 주의,0
기차 기차놀이 놀이 기차 덕후,1
기차 어둠,0
기춘 이건 기억,0
기춘 주갤 곳,0
기타 12 전 정세균 의장,1
기타 175 남자,0
기타 2017 영화 라인업,0
기타 3000 범인 검거 전직 형사,0
기타 강남 10 원룸 아파트 시세,0
기타 국정화 교과서 폐기 수순,0
기타 국회 방청권 배정 유가족 페북,1
기타 국회 식당 거부 고영태,1
기타 국회 앞 등장 탄핵 소녀상,1
기타 극한 극한직업 직업 에어컨 설치 기사,0
기타 독일 검찰 최순실 자금 흐름도,1
기타 동 대구 복합 환승 센터 영업 개시,0
기타 동물 점프,0
기타 동석 형 앞 박스,0
기타 드래곤 드래곤볼 볼 캐릭터 야구 대결,0
기타 루리웹 유저 하루카 기억,0
기타 몸 머리 고생,0
기타 문재인 전 대표 페이스북,1
기타 박근혜 오늘 17 간담회 내용 전문,1
기타 박사모 자금줄 타격,1
기타 박지원,1
기타 박통 피눈물 의미,1
기타 방금 손 사장 주갤,0
기타 배달 음식계 전설,0
기타 백인 여성 한국 매너 손 문화,0
기타 보드,0
기타 생수 배달 달인,0
기타 선호 치마,0
기타 세상 표정,0
기타 세월호 타이타닉,0
기타 악어 고기,0
기타 안전 장비 중요성,0
기타 약혐 포함 지원,0
기타 양반집 며느리 서양녀,0
기타 열도 여고생 콘테스트,0
기타 옆 나라 갓본 세대 정치 성향,0
기타 오늘 자 꿈,0
기타 우주 4 동안 관찰 결과,0
기타 이완영 버그 청문회,1
기타 이정현 사퇴 거부,1
기타 인신 인신매매 매매 현장,0
기타 일본 인물,0
기타 정도 검찰 한수,0
기타 주갤러 우병우 진행,1
기타 클라스,0
기타 파괴 신 트위터,0
기타 포켓몬 골드 실버 만화,0
기타 프랑스 투표함,0
기타 혜,0
기타 혜,1
기타,0
긴급 박 대통령 오후 7 3 대통령 권한 정지,1
긴급 안철수 이정현 투표 용지 유출,1
긴급 황교안 총리 저녁 8 국민 담화 발표,1
길가 태권도 도복 입 은애 특징,0
길거리 태권 도복 애 특징,0
김 교수,0
김경수 의원 트윗,1
김경수 의원 페북,1
김경진 의원 보고,1
김관영 의원 못,1
김광진 의원 트윗,1
김광진 트윗 후원금 꿀팁,1
김광진 트윗,1
김기수,0
김기수,1
김기춘 과거,1
김기춘 노무현 대통령 싸이코,1
김기춘 다큐 법 비사 고장 저울,1
김기춘 때,1
김기춘 마지막 발악 이유,1
김기춘 망가,1
김기춘 민변 변호사 입장,1
김기춘 세월호 사고 당시 서면 보고,1
김기춘 세월호 시신 인양 정부 책임 부담,1
김기춘 야이,1
김기춘 움짤,1
김기춘 위증 정황,1
김기춘 유시민 일갈,1
김기춘 증인 박근혜 대통령 사이,1
김기춘 증인 청문회 집,1
김기춘 청문회 울분,1
김기춘 청문회,1
김기춘 최강 보스급 법조 쓰레기,1
김기춘,1
김대중 노무현 대통령 오늘,1
김무성 메모 인적 청산 탈당,1
김무성 시절,1
김무성 유승민 비박계 폭소,1
김민아 캐스터,0
김범,0
김병기 의원 감사 인사,1
김병기 의원 감사 트윗,1
김병기 의원 때 때 표정 차이,1
김병기 의원 트위터,1
김병기 의원 페북,1
김병기 조응천 선거 준비 기간,1
김병준 총리 내정자 사퇴,1
김병준 총리 후보 내정자 활동,1
김부선 페북 성남 가짜 총각 사건 억울,0
김빙삼 트위터,1
김빙삼 트윗,1
김빙삼,1
김사부 병사,0
김상조 교수 건 비관 판단,0
김상조 교수 말빨,0
김상조 비관 얘기,0
김순덕 칼럼 문재인 촛불 혁명,1
김어준 뉴스 공장 전여옥,1
김어준 뉴스,1
김어준 오늘 라디 오서 박원순 시장 극딜,1
김어준 파파이스 이정희 프레임,1
김윤석 하정우 강동원 6 항쟁 그린 1987 출연 확정,0
김재규 장군 사형 직전 유언,0
김재규 장군 생가 옴,0
김정은,0
김제동 국회 앞 비,1
김제동 빨갱이론,1
김제동 취객 시비 황정민 형,0
김제동 탄핵 부결 국회 담장,1
김제동 페이스북,0
김종대 전 헌법 재판관 인터뷰,1
김종민 특집 저도,0
김종인 개헌 촛불 민심 보답 길,1
김종인 겨냥 대통령 개헌,1
김종인 문재인 말 일관성 이재명,1
김종인 문재인 촛불 정국 말,1
김준호 결혼 정체,0
김진태 근황,1
김진태 사람 시선 보수 탄핵 기각,1
김진태 사람 시선 보수,1
김진태 소망,1
김진태 의원 내 탄핵 반대 이유,1
김진태 의원 탄핵 소추 안 반대,1
김치녀 결혼 이유,0
김태희 일류 연기자 각성,0
김태희 한물 놈,0
김현수 예능감,0
김현중 여친 2 내년 1 11 항소심 재,0
김홍걸 페북,1
꼴 놀이 하자,0
꽃길 이정현,1
꽃놀이 패 기획 작품,0
꽃놀이 패 빅뱅 승리 잡지 촬영 당황,0
꿀 몸매,0
꿀밤 마스터,0
꿈 비참,0
끝 머리 여자,0
끼 도마뱀,0
끼 혜정 설현,0
나경원 발 인터뷰,1
나나 동서 식품 포스트 골든 그래놀라 광고,0
나라 7 징조,0
나라 권력 서열,0
나라 논문 시각 송유근 사태 때,0
나라 설명,0
나라 신음 소리,0
나라 양말 강국,0
나라 월급 사람,0
나라 음식,0
나라,0
나랏돈 189조,0
나이 40 공무원 9 합격,0
나이,0
나이스 최재경 칼 타이밍 사임,1
나이키 가방 대박,0
나중 고영태 자서전 완전,1
나카무라 타케시 25,0
나홀로 성탄절 사람 오라,0
나홀로 일본 여행기 2 교토 생각,0
낙태 합법화 후 이력 배우자 사람 확인,0
난 안철수,1
난 토니안 이재원 배려 만남,0
날,0
남 돈 이유,0
남 물건,0
남녀 등교 등교시간 시간,0
남녀 차별,0
남성 쇼핑물 레전드,0
남여 하나 로봇 애니,0
남자 5 냄새 파괴,0
남자 고민녀,0
남자 로망 겜 여자,0
남자 머리빨,0
남자 배우 큰일,0
남자 심리,0
남자 여자 골반 눈 이유,0
남자 여자 골반 환장 이유,0
남자 여자 말미,0
남자 여자 행동,0
남자 와인,0
남자 외모 40 순간,0
남자 이해 기사 반응,0
남자 자지 중요성 망가,0
남자 친구 휴대폰 을,0
남자 호불호 몸매,0
남자,0
남친,0
남편 간장 밥 중독,0
남편 구매,0
남편 애완 닭 찜닭 아내,0
남편 집 고추,0
남편 참기름 간장 밥 중독 고민,0
남편 충격 야동 취향 신혼 섹스리스,0
남편 팽목항 자원 봉사 활동 이재명 성남 시장 부인,1
남편 화 이유,0
내 맘,0
내 배우 자랑 글,0
내 키라,0
내년 9 교정직 1000,0
내년 개봉 여교사 영화,0
내년 담배 사람,0
내년 장애인 주차 가능 표지,0
내년 중 고딩 신입생 친구 꿀팁,0
내년 편의점 분,0
내년도 연봉 삭감,0
내일 내일뉴스 뉴스 룸 손석희 사장,1
내일 아침 당신 눈 뜰 곳,0
내일 주택 전기 요금 확정,0
내일 중소 기업 면접,0
내일 추억 주문 내역,0
내일자 장도리,1
내한 다비드 다비드비야 비야,0
냄비 손잡이 구멍 볼펜 뚜껑 구멍 이유,0
냄새 주름 릴리,0
냉동 밥 대참사,0
냉혹 다이어트 도우미 세계,0
냉혹 다이어트 도우미,0
냉혹 맛 충격,0
냥모나이트,0
냥반 정치 사망,0
냥이 누가,0
냥이 무료 분양,0
냥이 어항 물,0
냥줍,0
넌 사내 놈 카페 파르페,0
넌 여친,0
넌 전생 짐,0
네오 매트릭스 팩트 폭력,0
네이버 무료 영화 시청,0
네이버 서비스 종료 안내,0
네이버 실시간 상승 검색어,0
네이버 초상,0
넥슨 자본주의 상징,0
년생 한국사 팁,0
노 스포 라라 라라랜드 랜드 기대치,0
노가다 팀장 돈,0
노대통령 일화,1
노루,0
노르웨이 숲 2,0
노르웨이 숲,0
노무현 대통령 193 가결,1
노무현 대통령 문재인 대표 친구,1
노무현 대통령 청문회 스킬,1
노무현 대통령 탄핵 당시 국회 의장 마지막 발언,1
노무현 대통령 탄핵 소추 날,1
노무현 대통령,1
노무현 박근혜,1
노무현 북한 돈,1
노무현 실패 신사,0
노무현 일본 국회 연설 영상,1
노무현 전 대통령 탄핵 국회 표정,1
노무현 정부 평가 이유,1
노무현 탄핵 당시 박근혜,1
노무현 탄핵 때 박근혜 표정,1
노브라 코끼리녀,0
노인 공경,0
노인 실감,0
노인 앞 무릎 대통령 성품,0
노회찬 박근혜 이재용 독대 손석희 요구,1
노회찬 의원 트윗,1
노회찬 의원 페북,1
노회찬 피셜 박근혜 손석희 처리,1
노회찬 후원 계좌,1
논란 5900 라면 뷔페,0
논문 표절 관련,0
논문 표절 심각,0
논문 표절 이재명 성남 시장 자신 졸업 가천 가천대학교 대학교 이름 학교 비하,1
논문 표절 프로그램 루머,0
논산 악몽,0
논현 역,0
놈 대통령 권한 대행,1
놈 인성 수준,0
놈,0
농약 자 1 친구 몸 썰,0
농업 포기 중국 경쟁,0
뇌 방식,0
뇌 좀비,0
뇌성마비 아버지 9 딸 펌,0
누가 김기춘 모에화,1
누가 내 양파,0
누나 굴욕 2,0
누나 남친 남친,0
누나 남친,0
누나 내일,0
누나 누나누나 누나 내일 핵,0
누나 소리야,0
누나 오늘 끝,0
누나 오늘,0
누나 전화 남자,0
누나 전화,0
누나 핵 적,0
누나,0
누드 샤워,0
누진제 전기,0
눈 가린 소녀 망가,0
눈 공,0
눈 날 반바지,0
눈 눈 못,0
눈 정화 다,0
눈 친구,0
눈 코베,0
눈,0
눈물 박근혜 팬,1
눈물 세월호 유가족,1
눈물 핑,0
눈치 사유리 친구,0
뉴 게임 소름 유언비어,0
뉴발 김연아,0
뉴스 개,0
뉴스 공장 전여옥 인터뷰,1
뉴스 공장 주진우 글,1
뉴스 데스크 주말 앵커 클로징,0
뉴스 룸 9 탄핵 소추 안 표결 손석희 앵커 진행,1
뉴스 룸 광고 49,0
뉴스 룸 교수,0
뉴스 룸 국민 국민의당 당 중 한분,1
뉴스 룸 김상조 교수 결론,0
뉴스 룸 다음 팟,0
뉴스 룸 삼성 빅 피처 인정,0
뉴스 룸 생각 오늘 첨이,0
뉴스 룸 손 사장 하나 부결,1
뉴스 룸 손석희 9 탄핵 소추 안 표결 직접 진행,1
뉴스 룸 손석희 사장 주갤 지령 내림,1
뉴스 룸 손석희 앵커 진행 오후 7 40 동안 진행,1
뉴스 룸 손석희 유시민 예정,1
뉴스 룸 시간 김제동 연설,1
뉴스 룸 시청률 10.733 기록 갱신,1
뉴스 룸 오늘 9 탄핵 소추 안 표결 손석희 앵커 진행,1
뉴스 룸 올림 머리 전속 미용사 근로 계약서,0
뉴스 룸 유시민,1
뉴스 룸 점 중 하나,0
뉴스 룸 조대환 수석,1
뉴스 룸 주갤 상황,0
뉴스 룸 주갤러,0
뉴스 룸 책상 말,0
뉴스 룸 최순실 태블릿 입수 경위 공개 더 더블루 블루,1
뉴스 룸 최순실 태블릿 주장 팩트 체크 동영상,1
뉴스 룸 취재 과정 공개 강수 시청률 폭발 10.7,0
뉴스 룸 태블릿 뉴스 시청 변희재 페이스북,1
뉴스 룸 테블릿 입수 관련 보도 스포,1
뉴스 룸 현재 한겨레 저격,1
뉴스 룸 홍문종 의원 친박 말 인정 최순실 남자,1
뉴스 룸,0
뉴스 리즈 시절,0
뉴스 링크 검찰 사실 창고 대방출 안종범 수첩 정호성 녹음 파일 공개,0
뉴스 무효표 부결 가능성 암시,1
뉴스 부결 예상 친박 홍문종 추미애 퇴진 타격,1
뉴스 새누리 친박 속보,1
뉴스 속보 청와대 조리장 인터뷰 후 행방 묘연,1
뉴스 속보 친박 모임 결성,0
뉴스 아침 아나운서 클래스,0
뉴스 앱 속보,0
뉴스 이재명 탄핵 좀비 좀비 위험 가결 후,1
뉴스 전략 부결 이야기,0
뉴스 주갤러,0
뉴스 치욕 주갤럼,0
뉴스 친박 최연혜 정권 문화 혁명 사태,1
뉴스 타파 고발 뉴스 민주당,1
뉴스 특보 시작,0
뉴스 펌 대구 서문 시장 기부 박 혜,1
뉴스,0
뉴질랜드 때,0
느낌,0
늑대 구경 곰,0
능력,0
니 참고 한대,0
니들,0
니얼 니얼퍼거슨 퍼거슨 교수 트럼프 케인 지언 폴 폴크루그먼 크루그먼 지지 라 조롱,0
니콘 7 2,0
다 계좌 돈,0
다 샤오미 제품,0
다단계 랜섬웨어 등장,0
다리 창 1 사진,0
다비드 다비드비야 비야 근황,0
다비드 다비드비야 비야 사랑 밥차 행사,0
다음 다음카페 카페 약 댓글 모음,0
다음 메카닉 공통점 서술,0
다음 새누리 이정현 차례,1
다음 세무 조사 김기춘 작품,1
다음 주 런닝맨 걸 그룹 신비주의 예,0
다음 주 런닝맨 걸 그룹 신비주의 예능,0
다음 주 주갤,0
다이빙 다이빙벨 벨 방송 확정,1
다이빙 다이빙벨 벨 방영 채널,1
다이빙 다이빙벨 벨 전격 방영,1
다이어트 성공 분,0
다저스,0
다큐 다큐3일 3 팩트 폭력,0
다큐 영화 다이빙 다이빙벨 벨 13 뉴스 룸 직후 편성,1
다큐멘터리 다큐멘터리3일 3 오늘,0
다큐멘터리 다큐멘터리3일 3 일부분,0
다현 메이크업,0
닥스 패딩 구입,0
단결 병장,0
단기 속성 100만 유치원생 코딩 열풍,0
단독 고영태 최순실 장시호,1
단독 공개 뉴스 룸 태블릿 입수,1
단독 김윤석 하정우 강동원 6 항쟁 그린 1987,0
단독 김종민 올해 연예 대상 대상,0
단독 박 대통령 왕수석 전화 지시 닦달,0
단독 세월호 유가족 40 박 대통령 탄핵 국회,1
단독 입수 신성우 16 연하 미모 신부 공개 매력,0
단독 입수 신성우 16 연하 미모 신부 공개 매력,0
단독 최순실 세월호 참사 당일 차움 운동,1
단독 최재경 민정 수석 사표 수리,1
단독 친박 비대위 채비 분당 직전,1
단독 컴맹 최순실 기술 활용 교육 법,1
단독 현기환 건축 시행 업자 내연녀 전세금 대납,0
단문 김기춘 좌불안석,1
단문 변희재 대표 근황,1
단문 성 매매 반박,0
달러,0
달빠 학창 학창시절 시절,0
달인 경지 1 1,0
닭근혜 탄핵 반대 20,1
담배 아이린,0
당시 박근혜 서문 시장 방문 당시 출동 경찰 친구 말,1
당시 박영선 의원 오만 가지 카톡 제보 카톡,1
당시 은근 파장 화제 센세이션,0
당신 문재인 오해,1
당신 우울 극복,0
당첨,0
당황 기자,0
대가리 신가,0
대가리,0
대구 17 뒤,0
대구 계명 아트 센터 지킬 지킬앤하이드 하이드 후기 12.7.2016,0
대구 북구 에쿠스 22 1026 차량 도난,0
대구 시장 박사모,1
대구 아쿠아리움,0
대구 아파트 값,0
대구 택시 기사 박근혜 보고,1
대기업 친구,0
대기자 45000,0
대딸 왕 폭 존 아저씨 썰,0
대란 기계 전화,0
대란 되팔렘,0
대란 배송,0
대란 번,0
대란 재고 요번,0
대란 티비,0
대륙 공개 처형,0
대륙 매춘부 반전,0
대륙 시리즈,0
대만 관련 트럼프 맘,0
대만 생각 민주주의 의식,1
대만 시장 꼬치 구이 알바,0
대만 여자 평균 외모 사실,0
대만 여행 경비,0
대만 여행,0
대만 연말 항공권 가격,0
대만 일본 방사능 오염 식품 거부 스티커,0
대만 카스테라,0
대박 드라마 도깨비,0
대법원장 대법관 회의 소집,1
대본,0
대선 때 박근혜 이유,1
대전 대전고교 고교 78 국정 교과서 신청,0
대전 집회 내일 대전 집회 참여 준비물,0
대전 집회 내일 대전 집회 참여 준비물,1
대전 충무기 후기 인증 모다,0
대전,0
대전차 검술 욕,0
대전차 지뢰 덤프 덤프트럭 트럭,0
대첩,0
대체 비염,0
대체 손흥민 이유,0
대체 힘 모아 문 로,1
대체,0
대통령 부덕 불찰 국가 혼란 국민 송구,1
대통령 운명 노통장,1
대통령 운명 헌재 재판관 9,1
대통령 지지자 젊은이 역사,0
대통령 행보,0
대통령,1
대학 1,0
대학 물 소름 승,0
대학 외대 몰락,0
대학,0
대학교 외국인 엘리베이터 때 공감,0
대학생 동아리,0
대한 미국인,0
대한민국 계급 측정기,0
대한민국 기록 카카오 카카오톡 톡,0
대한민국 대한민국여자 여자 아이돌 외모 원탑,0
대한민국 대한민국여자 여자 아이돌 외모 원탑,0
대한민국 라면 10 천왕,0
대한민국 솔로몬,0
대한민국 승리 선물,0
대한민국 시위 레전드 사진,0
대한민국 시위 사진 레전드,0
대한민국 여고생,0
대한민국 역사,0
대한민국 최고 사기꾼,0
대한민국 최고 쌍놈 박정희,1
대한민국 최근 3,0
대한민국,0
대회 후기,0
댓글 단합력,0
댓글 욕 여자,0
댓글 피드백 댓글,0
댕댕이 사랑 이유,0
더 민주 국회 의원 지침 지리,1
더 민주 김정우 의원 트윗,1
더 민주 리즈 시절,1
더 민주 박근혜 탄핵 촛불 집회 눈물 우상호 원내 대표 이상호 기자,1
더 민주 손혜원 의원 4 후원금 계좌 만땅 채움,1
더 민주 오늘 금주령,1
더 민주 왠일 일치 단결 모습 지지율 이유,1
더 민주 의원 123 세비 모아 이웃 빚 123억,1
더 민주 정의당 고생,1
더 민주 지지자 이재명 분탕 종자 최후 변,1
더 민주당 가결 순간,1
더블 썬 파워,0
덕분 시간 절약,0
덕후 배경,0
덕후 행복 순간,0
데드풀,0
데리아 닭뼈 버거,0
데뷔 선배,0
데스 스트랜딩 매즈 매즈미켈슨 미켈슨,0
데이터 주의 스타일스 부상 장면,0
데이터 주의 오튼 와팸 각본 진행 대박,0
데이트,0
데일리 룩,0
데프콘 쇼 쇼미더머니 미 더 머니 출연 이유,0
도깨비 1,0
도깨비 4 좀,0
도깨비 검,0
도깨비 귀신,0
도깨비 라쎄 라쎄린드 린드 노래 게,0
도깨비 마법,0
도깨비 여혐 논란,0
도깨비 이번 작가 공,0
도깨비 인기 절정,0
도깨비 중국,0
도깨비 차,0
도깨비 폰 배경 짤,0
도깨비 해장국 집 씬,0
도깨비,0
도둑질,0
도로 공사 알바,0
도로 주행 고민,0
도르마 무 거래,0
도박 나라 구함,0
도박사 오류,0
도입 무기,0
도지마롤,0
도축장 근처 고기 소주 공짜,0
도쿄 긴자 대표 건물,0
도타 2 11 버전 업 겜,0
도통 후원금 국회 의원,1
도희 검스,0
독립 운동 전신 계승,0
독서실 총무 면접 무급,0
독일 난민 초콜릿 젤리 난민 난민캠프 캠프 방화,0
독일 사고,0
독일 아랍인 짓,0
독일군 소련 전쟁,0
돈 광고,0
돈 담배 사서,0
돈 도종환 의원 후원 일면,1
돈 받음,0
돈 사람 특징,0
돈 유지 방법,0
돈 자랑 배틀,0
돈 지인 부모,0
돈,0
동 대구 복합 환승 센터 뉴스 보도 요약,0
동공 지진 과자,0
동남아 국가 한중일 호감도,0
동남아 망겜 근황,0
동남아 호텔 환불,0
동네 마트 4 아주머니,0
동네 목욕탕 홍준표,0
동네 미용실,0
동대문 역 화장실,0
동물 동물농장 농장 개,0
동물 동물농장 농장,0
동물 잠옷,0
동생 여자 여자친구 친구 음해성 발언,0
동안 교환 그림,0
동안 박사모 쁘락치 짓,1
동행,0
두바이 20조 건물,0
두피 마사지 중독 걸 그룹,0
둘째 오빠 언니 쭈꾸미,0
둥지 드래곤 칠흑 기사 이야기,0
뒤집기 달인,0
뒤통수 뒤통수조심해라 조심,0
뒷북 스압 설렘 짜증 도서관 쪽지 33,0
듀얼 모니터 모니터 크기,0
드라마 도깨비 영상미 하나 대박,0
드라마 도깨비 중국,0
드래곤 드래곤볼 볼 18,0
드래곤 드래곤볼 볼 20,0
드래곤 드래곤볼 볼 애니 고통 야무치,0
드래곤 드래곤볼 볼 외전 야무치 세계,0
드래곤 드래곤볼 볼,0
드론 매빅 프로,0
드루킹 사람 박원순 시장 이명박 사람,1
드림 한돈,0
들이,0
등산 동호회 여자 활동 좀,0
등장 경찰 차벽 민심 국회 의장 요청 무시,1
디스 이즈 오버 오버워치 워치,0
디시 클리앙 뽐뿌 명언,0
디씨 주갤 폭발,0
디씨인 필력,0
디아블 디아블로 떼돈 번 건 처음,0
디아블로 3 초창기 시절 악마 왕 몬스터,0
디즈니 디즈니랜드 랜드 메시,0
딤섬 가요,0
딴지 손혜원 의원 보좌관 선물 프사,1
딴지,0
딸 가업 이유,0
딸 성 폭행범 징역 40 선고 아버지,0
딸 쇼핑 무리뉴,0
딸 여자 최후,0
때 손 양의사 효과,0
때 아무,0
때 용기,0
떡볶이 국밥,0
떼껄룩 들 불치병,0
똥줄 노무현 반기문,1
뜻 이상호 기자 마디,0
뜻 이상호 기자 마디,1
뜻밖 미러볼,0
뜻밖 휴게소,0
라데온 5850 1060 업글 후기,0
라떼 라떼아트 아트,0
라라 라라랜드 랜드 마지막 5 스포 무,0
라라 라라랜드 랜드 여자 여자화장실 화장실 씨발,0
라라 라라랜드 랜드 여주 엠마 엠마왓슨 왓슨,0
라라 라라랜드 랜드 진실 가상 스포,0
라라 라라랜드 랜드 캐스팅,0
라라 라라랜드 랜드,0
라면 계란 스타일,0
라면 유래,0
라붐 솔빈 정채연,0
라스 꿈 하나,0
라스 최민용 옷,0
라스 최민용 옷,0
라이언 쯔위,0
라이카 렌즈 과정,0
라이카 렌즈 이종 교배 노안 고생 팁,0
라이트룸 톤 커브 조정 법 질문,0
라자냐,0
란제리 입어 감촉,0
랜선 실세 주갤 상황,0
램프 지니,0
러시아 밤 문화,0
러시아 혼혈 소녀,0
러시안 블루 냥이 분양,0
레고,0
레깅스 입고 운동 김연아,0
레드 레드벨벳 벨벳 슬기 과거 학생 시절 썰,0
레드 레드벨벳 벨벳 조이 말타기,0
레몬 맛 크림 케잌,0
레바 탄핵 드립,1
레스토 랑스 작품,0
레전드 급 광고 음료,0
레전드,0
렌즈 구매자 쏘쿨,0
로드 로드fc 성 추행 논란 해당 장면,0
로드 로드fc 성 추행 사건 근황,0
로드 로드fc 최설화 극적 화해,0
로드 로드fc 최설화 허리 성 추행,0
로또 2천 1천 이유,0
로또 5,0
로리 엘프 노예 유게이,0
로리콘 망가,0
로봇 다간,0
로봇 제작 경연 대회 장려상 작품,0
롤 킨드레드 실사,0
롤,0
롯데 롯데월드 월드 어폐,0
롯데 롯데월드 월드 타워 최고가 기준 1억 분양,0
롯데 아울렛,0
롯데리아 닭뼈 버거,0
롯데리아 클래식 치즈 버거 세트,0
롯데리아 햄버거,0
루리웹 미친놈 미친놈,0
루리웹 악마,0
루리웹 운동남 정체,0
루리웹 화제 게임 샵,0
루리웹,0
루머 갤럭시 갤럭시s8 엣지 컨셉 이미지,0
루머 삼성 갤럭시 갤럭시s8 소식,0
류준열 인스타,0
리더 아이린 눈물,0
리더,0
리뷰 7 기억 준재 말 청,0
리뷰 라라 라라랜드 랜드 타이밍 영화인,0
리빌딩 송구홍 차우찬 두산,0
리사 팬아트 개,0
리얼 바나나킥,0
리제 카페 영구 정지 짤,0
마루마루 만화가 마음,0
마리텔 차홍,0
마법 6,0
마블 악당 성형 수술 남성,0
마성 김민희,0
마세라티 슈퍼 슈퍼비 비,0
마스터 치프 정체,0
마약 검사 전설 이야기,0
마약 소파 고양이 근황,0
마약 운전,0
마약 체내 몇일 이상,0
마음 짤,0
마이,0
마이크 앵커 마지막 방송 클로징 멘트,0
마지막 사진,0
마카오 영화제 레드 레드카펫 카펫,0
마트 남편 혼자 이유,0
마트 알바 미대생,0
마포 여자 넘,0
만능 짤,0
만렙 육아 법,0
만약 이상형 월드컵,0
만약 주갤 우병우 위치,1
만투 매력,0
말 때,0
말 소리,0
말 중졸 누나 사이다,0
말,0
말년 병장 비율,0
말레 공항,0
맛,0
망겜 유저 충성도,0
망상,0
망원 시장 5500 탕수육 세트,0
매골 촬영 다비드 다비드비야 비야,0
매드 매드맥스 맥스 주갤,0
매력 노이어 기행,0
매즈 매즈미켈슨 미켈슨,0
맥 선물 구경,0
맥도날드 빅맥 개발자 사망,0
맥도날드 오리엔탈 라지 세트 카드 케이스,0
맥도날드 카드 케이스,0
맥북 중국,0
맥북,0
맥주 3 필수 요소,0
맥주 벡스,0
맥주,0
맥크리 코스프레,0
맨 맨인블랙 인 블랙 블랙박스 박스 후방 충돌 시 차 안 내부 운전자 상황,0
맨유 토트넘 전반 미키타리안 골 장면,0
맹뿌 큰일,0
머리 고생 몸,0
머리 빗 편의점,0
머리 오빠,0
머리 인사 혜,0
머리 인사,0
머리 작별 인사 근라임,0
머리 작별 인사 길라임,0
머리,0
멋,0
멍뭉이,0
메가박스,0
메디컬 스토리 71 장 지진 환자 치료,0
메르켈 총리 길라임,0
메모 거짓말 의 본질,0
메모 드립 정지 생각,0
메모 욕,0
메모,0
메시 역대 최고 선수,0
메시 호날두 축구,0
메이커 별 품번 특징 정리 1,0
메이퀸 큐 모델 교체,0
메이킹 달달달 보리차,0
메탈리카 레전드 사진,0
멘붕 배추 담배 꽁초,0
면도기 날 교체 방법,0
모 의원 투표 용지 유출,1
모니카 모니카벨루치 벨루치,0
모니터 화질 관계,0
모델 저조도 노이즈,0
모델 행복 행복한시간 시간,0
모모,0
모바일 게임 탄핵 가결 축하,1
모쏠 배우,0
모에화 극혐,0
모유 수유 성진국 누님 고충,0
모텔 알바 개꿀,0
모텔 알바 꿀,0
모트라 노 사장,0
목걸이 구매 후기,0
목사 취미 생활,0
목포 김기춘 나르시스즘,1
목포 김기춘 노망,1
몬스터 몬스터볼 볼 비밀,0
몰컴 중 엄마 옴,0
몰테일,0
몸 머리 고생,0
몸 멍,0
몽골 전통 복장,0
몽클레어 패딩 90 짭,0
무개념 무개념,0
무당 박 임기,1
무도가 옛날 맛 이유,0
무료 분양자,0
무메이 짤,0
무사고 기원 테슬라 인증,0
무인 슈퍼 슈퍼마켓 마켓 아마존 논란 계산원 잡 킬러,0
무한 리필 밥집 회 소송 제기 미국인,0
무한 무한도전 도전 광희 재미 이유,0
무한 무한도전 도전 예언,0
무한 무한반복 반복 구간,0
무한 부팅 레딧 클리앙 분,0
무혈 혁명,0
무효 7 오늘 세븐갤,0
무효표 7 가 동그라미 점 표,1
무효표 7 고의 증거,1
무효표 7,0
무효표 사람,0
무효표 예상 사례,0
무효표 의도,0
무효표 점 점,0
문 대표 한때 당신,0
문 샤벳 사람 사람,0
문국현,1
문대인 전략 필요,0
문명 문명온라인 온라인 근황,0
문명,0
문법 나치 총체 난관,0
문성근 페이스북,0
문어,0
문재인 1 이재명 반기문 2,1
문재인 공격력,1
문재인 국가 대청소 6 과제,1
문재인 극딜 현재 일본,1
문재인 금괴 200 돈,1
문재인 김칫국 발언 파장 차기 대통령 본인 지칭,1
문재인 뉴스,1
문재인 대통령 5,1
문재인 말씀 용기 탄핵 확신,1
문재인 박지원,1
문재인 비리 공범자 색출 부정 축재 재산 몰수,1
문재인 소리,1
문재인 속,1
문재인 아재 개그 진실,1
문재인 역전,1
문재인 운명,1
문재인 유약 알바니 분탕 욕 사람,1
문재인 응원 일본,1
문재인 이재명 단일화,1
문재인 이재명 지지 이유,1
문재인 이재명,1
문재인 일침,1
문재인 전 대표 입장 발표,1
문재인 전 대표 지지 이유,1
문재인 전 대표 집 앞,0
문재인 전 대표 집 앞,1
문재인 절대 대통령 2 이유,1
문재인 절대 대통령감,1
문재인 지지자 개헌 이유,0
문재인 지지자 아량,1
문재인 지지자 이재명 지지자 한마디,1
문재인 참 사람 장면,1
문재인 참여 정부 과거사 사죄,1
문재인 트윗 레전드,1
문재인 페북,0
문재인 페북,1
문재인 페이스북,1
문재인 후보 일본 우려,1
문제 남자 박경 누나 박새 힘 스타,0
문제 남자 박경 미모 누나 박새 힘 공개 우월,0
문콕 방지,0
문화 충격 고양이,0
문화 충격 대학생,0
물 먹사 언냐 팀킬,0
물 먹사 팩트 폭행,0
므리야 수송기,0
미개봉 구매 조건 40만 정도,0
미국 결심,0
미국 뉴스 홈페이지 메인 화면 노회찬,1
미국 불평등 문제 사람 점 중 하나 미국 연방제 국가 점,0
미국 정치 나라,0
미국 중국 군사 충돌,0
미국인 미국 영어,0
미국인 아내 졸업 졸업여행 여행 일본 2 온천,0
미국인 영어 디스,0
미군 한국군 3,0
미나 개념 가능,0
미나,0
미니언즈 옥수수 맛 우유,0
미디어 몽구 트윗 우병우 수배 현상금 어딨니 꼴,1
미래 우리 이용,0
미래 현재 증오,0
미리 군대 하루 일과,0
미리 대선,0
미맥스 후기,0
미소 미소코리아 코리아 출신 예전,0
미술품 빅뱅 정규 3 앨범 구성,0
미쉘 미쉘맥쿨 맥쿨,0
미스터 사탄 갓 탄 이유,0
미안 움짤 피지 짤 약혐,0
미안,0
미용사 복장 19금 이유,0
미중년,0
미친년 소리,0
민심 뽕 장제원 의원 표창원 의원 화해,1
민주 종편 김병기 호위 무사 손 하트,1
민주 투사 주갤럼,0
민주 투사 주갤럼,1
민주당 1 2 전,1
민주당 경선률 변천사,1
민주당 박근혜 표 정책 전면 검토,1
민주당 보너스 지급 완료,1
민주당 우상호 원내 대표 말,1
민주당 위엄,1
민주당 장제원,1
민주당 최인호 국회 의원,1
민주당 탄핵안 가결 4,1
민주당 회식 지적 본인,1
민주주의,0
민폐 민폐,0
밀탱크 위엄,0
밑 모델 사진 원본,0
밑장 금괴 왕,0
바나나킥,0
바다 전설 중국 겨냥,0
바다 조망 아파트,0
바다,0
바람 전 여친 조우,0
바람 지인 여자 바람,0
바운티 바운티헌터스 헌터스,0
바지 핏,0
바지락 신 국적 세탁 여행,0
박 대통령 관저,1
박 대통령 점도 좀,1
박 대통령 최순실 시녀 사람 나라,1
박 예우,0
박 의 결론,0
박 정희 경제,0
박 측근 억울 표출,1
박 혜 일가 재산 내역,0
박 혜,1
박건형 287,0
박건형 개,0
박그네 미용사 기대,0
박그네 순실 내 시녀,1
박그네 암 생각,1
박그네 오후 오후5시 5 국무 회의 모습,1
박그네 월급 경호 예우,1
박그네,1
박근혜 5 입장,1
박근혜 7,1
박근혜 개 자업자득,1
박근혜 개표 조작 관련 동영상 처음,1
박근혜 국세청 고위 공무원 인사 단행,1
박근혜 극딜 이유 잠정 결론,1
박근혜 남이 변기 변기 공주,1
박근혜 대령 만세,1
박근혜 대통령 새누리 당사 방문 시 새누리 의원 반응,1
박근혜 대통령 잘못,1
박근혜 대통령 탄핵 소추 안 표결 분석 7 무효표,1
박근혜 대통령 탄핵 표결 결과 발표 가결,1
박근혜 대통령 탄핵안 가결 입장 발표 헌재 심판 특검,1
박근혜 대통령 할복단 모집 박사모,1
박근혜 대한민국 핵 보유국,1
박근혜 레알 인 이유,1
박근혜 머리 여기자,1
박근혜 머리 토니 가이,1
박근혜 발언,1
박근혜 방금 간담회 참석 모습,1
박근혜 변기 사건,1
박근혜 변기 재탕,1
박근혜 보니 가족,1
박근혜 부역자 황영철,1
박근혜 불편 운영 능력,1
박근혜 사람 삥땅,1
박근혜 서면 보고 모순 점,1
박근혜 세월호 7,1
박근혜 세월호 해경 해체 이유,1
박근혜 송영길 변기 희대 엽기,1
박근혜 식사 시간,1
박근혜 아래 사람 태도,1
박근혜 악수 거부 역사,1
박근혜 앞 시간,1
박근혜 오늘 옷 암시,1
박근혜 오늘 직무 정지 일,1
박근혜 올림 머리 곳 체험 자괴감,1
박근혜 운명 하루 전 대구 민심 치 분노 배신감,1
박근혜 잘못,1
박근혜 전 대변인,1
박근혜 전분야 1 시절,1
박근혜 정권 꿀 고성국 근황,1
박근혜 정부 담뱃값,1
박근혜 지지율 2 연속 상승 동정론,1
박근혜 지지율 20 30 탄핵,1
박근혜 지지율 25 증가,1
박근혜 지지율,1
박근혜 최순실 시녀 사람 나라,1
박근혜 출국 금지,1
박근혜 취미 보기,1
박근혜 취임식 때,1
박근혜 키즈 정치인,1
박근혜 탄핵 가결 기분 식당 밥 백세주 1,1
박근혜 탄핵 가결 발표 리얼 리얼타임 타임 시청률 28.2 1,1
박근혜 탄핵 가결 발표 리얼 리얼타임 타임 시청률 28.2,1
박근혜 탄핵 가결 시 법적 투쟁 준비,1
박근혜 탄핵 결과 오후 4 30,1
박근혜 탄핵 기념 가 연예인,1
박근혜 탄핵 반대 국회 의원 16 명단,1
박근혜 탄핵 부결 기사 삭제,1
박근혜 탄핵 사장,1
박근혜 탄핵 순간,1
박근혜 탄핵 축하,1
박근혜 탄핵 표결 뒤 입장 표명,1
박근혜 탄핵,1
박근혜 퇴직금 모금 운동,1
박근혜 퇴진 시위 빨갱이 새 욕 변호사 대처 20 사과,1
박근혜 피눈물,1
박근혜 피터팬 증후군 2,1
박근혜 피터팬 증후군,1
박근혜 헌재 손 가능성,1
박근혜 활복단 모집,1
박근혜,1
박기서 씨 근황,0
박기영 논란,0
박기영 뽐뿌 은퇴,0
박기영 이사진 매력,0
박동원 결혼식,0
박명수 인스타 업뎃 지드래곤,0
박사 모식 할복,0
박사 모식 할복,1
박사모 경찰 신고 완료,1
박사모 광화문 동원 세력 우리 배 세력,1
박사모 근황,1
박사모 난리남,1
박사모 단톡 방 근황 주갤 밀정,1
박사모 대반격 박 대통령 지지율 25,1
박사모 마지막 희망,1
박사모 박대모 완전 정신 할복,1
박사모 밴드 잠입,1
박사모 보배 보배드림 드림 저격 시작,1
박사모 분열,1
박사모 상황,1
박사모 새누리당 앞 현재 집회 인원,1
박사모 수준,1
박사모 잠입 깽판 주갤러,1
박사모 잠입 새끼 신고,1
박사모 주갤 고소 드립,1
박사모 카페 글,1
박사모 카페 돈,1
박사모 카페 현재 상황 2,1
박사모 카페 현재 상황,1
박사모 클라스,1
박사모 탄핵 거짓말투성이 절대 인정,1
박사모 탄핵 정지 가처분 신청 손석희 사장 고발,1
박사모 할복 단원 모집,1
박사모 할복 시도 진짜,1
박사모 할복 시도,1
박사모 할복 지원자,1
박사모 할복단 모집,1
박사모 현수막 대통령 사람 입장 생각,1
박사모 현수막,1
박사모 현황,1
박영선 악수 김기춘,1
박영선 의원 응원 주갤러,1
박영선 의원 제보 주갤럼 부제,1
박영선 의원 주갤 감사 글 주갤,1
박영선 의원 짱,1
박원순 3 지대 개헌 물타기,1
박원순 시장 집회 때 화장실 개방 건물 명단 200 개방,1
박정희 경제 인간 일침 네티즌 댓글,1
박정희 경제 인간 일침 네티즌,1
박정희 박근혜 왕국,1
박정희 사망 당시,1
박정희 생가 보존회 이사장,1
박정희 앞 이유,1
박정희 흉상 훼손,1
박정희 흉상 훼손자 인터뷰,1
박정희,1
박주민 의원 의외,1
박주민 의원 트윗 청와대 민변 변호사 사찰 변협 징계 개입,1
박지영 아나 협찬 핏,0
박지원 9 표결 자랑,1
박지원 대권 욕심,1
박지원 대권 출마 시사 대선 경선 못 이유,1
박지원 문재인 선총리 개헌 포기 대통령 급 실력 행사,1
박지원 아재 트윗 한광옥,1
박지원 원망,1
박지원 유일 사태 수습 법,1
박지원 의원 잘못 분,1
박지원 의원,1
박지원 이정현,1
박지원 일주일 동안 비난 폭탄,1
박지원 정동영 대선,1
박지원 티비 조선 핑계,1
박진영 극찬 걸 그룹 보컬 끝판왕 등장,0
박진영 리액션 뺨 팬텀 싱어 여자 음악 감독,0
박태환 부활,0
박태환 실력 김종 싸대기,0
박태환,0
박통 직무 정지 직전 자기 사람,1
반 묶음,0
반 형님 노예 탄핵,1
반격,0
반기문 3 추락,0
반기문 동성애 옹호론자,1
반기문 법적 대선 출마 자격,1
반기문 벽,0
반기문 벽,1
반기문 심각,1
반기문 일침 이재명,1
반기문 지지율,1
반기문 징조,1
반기문 한일 위안부 협상 지지 질책 행동,1
반기문 행보 정진석,1
반도 가수 외국어 실력,0
반도 닥터 후,0
반도 물 부족 학원,0
반도 창남 경제,0
반문 재인 연대,0
반민정,0
반박 불가능 유력 대선 주자,0
반성문 영어 번역,0
반전 문재인 전 대표 팔보체 유머 유머,1
반전 필사 몸부림,0
발 꿈,0
발 난로 고양이 근황,0
발가락 사랑,0
발음 지적 미국인,0
발톱,0
밤 박주민 의원,1
밥 값 안내 친구,0
밥 급딸 침,0
밥 훈련병,0
방금 김병기 의원 새눌당 의원 목,1
방금 꼬마 벤츠 로고,0
방금 뉴스 대 방어 원가,0
방금 뉴스 룸 결론 비관,0
방금 뉴스 특보,0
방금 떡밥 역대 급 연예인,0
방금 리포터,0
방금 손석희 패널 반말,0
방금 올린 한성 올인원 뒷모습,0
방금 전 손 쪽지,0
방금 전 여자 번호,0
방금 전 표창원 의원 트윗,1
방금 주갤 고영태 팬 카페 봄,0
방법 망가,0
방송 김기춘 해명,1
방송 태도 불량 논란 사례,0
방송탄 표지,0
방어 운전 레전드,0
방어 운전 클라스,0
방콕 쇼핑 떼샷,0
배거슨 시절,0
배구 쌍수 외모 에이스 새얀,0
배구 최윤지 통역사,0
배달 민족 전국 할인 잔치,0
배달 음식계 전설,0
배덕광 의원 문자 탄핵 찬반 의견 달래,1
배민 전국 할인 잔치,0
배우 님 유출,0
배우 서지혜,0
배우 이성경 길거리 오뎅 폭행,0
배재정 의원 근황,1
배주현 클라스,0
배추 이유,0
백종원 레시피 설탕 필수,0
백지연 최근,0
백화점 신발,0
버거 팔 소녀,0
버거킹 사은품,0
버거킹 치즈 와퍼 행사 팁,0
버거킹 행사,0
버버리 코트 세일,0
버스 박사모,1
버스 여자,0
버스 핸드폰,0
버스,0
버전 기어 스마트 폰 연동 0,0
버즈 박근혜 헌정곡,1
버터,0
번 글 동네 횟집 기억,0
번호,0
법률 구조 공단 상속 건도 도움,0
법정 세월호 침몰 원인 거론 스테빌라이저 절단,1
법칙,0
베르세르크 최고 사람,0
베스트 드라이버,0
베스트 야무치 환생 만화,0
베이 베이워치 워치 해상 구조대 영화,0
벤츠 오너 잠정 활동,0
벤츠 치사 치사한놈 마이바흐,0
벨기에 기차 충격,0
변기 공주 박근혜 사건,1
변기 공주 박근혜,1
변리사 최순실 특허 상표,1
변신,0
변태 인형,0
변태,0
병 바닥 케찹 방법,0
병 신 탄핵 사태 공신,1
병신년 2016 월별 총정리,0
병우,1
보배 보배드림 드림 뺑소니범 고작 주갤럼 제보 하나 손석희 칭찬,1
보배 우병우 쟁탈전 참가,1
보수 혁신합,1
복면 복면가왕 가왕 약,0
복음 자리 고구마 잼,0
복학생 분노,0
본 박근혜 심정,1
본부 안현모 기자 퇴직,0
본심 보이 문재인,1
본업,0
본인 미래 예언 혜,0
볼링장 주인 발암,0
봉인 해제,0
봉하 마을 헌화,0
봉하 마을 헌화,1
부동산 끝물,0
부르마 시합,0
부모 밤 여동생,0
부모 원망,0
부모 환갑 취준생,0
부산 부산 역 신세계,0
부산 시민 회관 발치몽 공연,0
부산 운전,0
부산 호텔 약속,0
부엉이 맥주,0
부지런 일꾼 칭찬,0
부페 무개념,0
부폐 접시,0
부하 직원 부하 직원,0
북 유럽 사람 책 사랑 이유,0
북괴군 특수 부대 근황,0
북한 김정은 상황,0
북한 엿 먹이기,0
북한 우롱 호주인 클라스,0
북한 입금 신빙성 이유,0
북한군 포 75 사용 불능 기밀 문건 입수,0
분 공격성 자극,0
분 뱃살,0
분노 김어준,1
분노 이정현,1
분대장 일지 소대장,0
분수 여사,0
분위기 씨엘 메이블린 광고,0
분위기 이재명,1
불금 탄핵 피로 한방,1
불꽃 임신 요원 갓 기태,0
불닭 볶음면 위엄,0
불치병 고양이,0
불페너 부대 복귀 전 마지막 저녁,0
불페너 협조 부탁 현재 우병우 현황,1
붐 붐비치 비치 근황,0
붕어빵 2천 5,0
붕어빵 횡재,0
브로맨스 남자 여자 반응 차이,0
브아걸 가인,0
블랙박스 고양이 사냥 수리부엉이,0
블랙박스 자해 공갈,0
블랙박스,0
블랙베리 디자인,0
블로거식 승천 법,0
블로그,0
블리자드 역사 최악 혼종,0
블리자드 직원 하루,0
블박 5.4 요단강,0
블소 컨셉 레전드,0
블프 때 구매,0
비 도깨비 우산 아이,0
비 추주 히오스,0
비글 아이 사진,0
비박 멸망 각인 가요,0
비박 방법 하나,0
비박 의원 8 최순실 남자 지목,1
비박계 친박 8 정진석 이유,0
비박계 친박 8 정진석 이유,1
비자금 탈탈 사려,0
비추 각오 소설 고영태 빅 빅픽쳐 픽쳐,1
비하인드 피닉제 낙선 이유,0
빌트인 냉장고 에어컨 1000만,0
빛 손,0
빛나 가슴 오우야,0
빨갱이 공안 검사 출신 새끼 이나라 우두머리,0
빨갱이 공안 검사 출신 새끼 이나라 우두머리,1
뻘글 손혜원 의원 사무실 후원금 영수증 전화,1
뻘글 정답,0
뽀뽀 돌,0
뽐뿌 오유 비추 글,0
뽐뿌 휴대폰,0
뽑기 게임 유저 공감 짤,0
쁘락찌 개 시버,0
사건 구성 주갤러 제보 김성회 보좌관,1
사과,0
사과문 정석,0
사과문 한건 대체,0
사기꾼 엄마,0
사내 커플 망가,0
사람 다리 개,0
사람 사람을찾습니다 우병우,1
사람 신흥 시계 명가,0
사람 여기 국회,0
사람 이군,0
사람 정도 어제 자 광화문,0
사람 특징,0
사람,0
사랑 사랑하기때문에 차태현 김유정 오늘 12 컬투,0
사랑 쇠 나무,0
사랑 얘기,0
사랑,0
사료 냥이 주문 중,0
사무실 가,0
사생활 침해 유저,0
사실 박근혜 헌정곡,1
사실 세계 최고 탄핵 전문가,0
사실 승리,0
사실 쥐색히 5천억 법적,0
사실 컴퓨터,0
사연 인생 샷,0
사육사 새,0
사이 오빠 동생,0
사이다 민족,0
사이버 동원령 박사모,1
사이비 종교 영국 난리 한국 큰일,0
사이트 난리 난 개정 소식,0
사이트 운영 메모 일종 방어 기제,0
사진 2016 내셔널 지오그래픽 최고 사진,0
사진 게,0
사진 고영태 밀착 취재,1
사진 글리젠 오이 겔 후방,0
사진 기능사 때 때 완전,0
사진 뜸,0
사진 박근혜 대통령 사랑 사랑합니다,1
사진 박근혜 대통령 일시 정지,1
사진 사람 일생,0
사진 생활,0
사진 세일러복,0
사진 아이유 사진 장,0
사진 약 후방 분 사진,0
사진 초보,0
사진,0
사촌 클리앙 사이월드 클럽,0
사탕 장난,0
사회 초년생 회사 사람,0
삭제 게시물,0
산수 근육,0
산악회 감정 다툼 회원,0
산책 오유인,0
산타 모델 사진,0
산타 아이 환상,0
삼겹살 밥,0
삼겹살 한판,0
삼겹살 훈제,0
삼국지 2 관우 스텟,0
삼성 노트 7 회수 강수 통신 충전 한국 홈 화면 박근혜 사진 강제,1
삼성 대란 때,0
삼성 대란 보네,0
삼성 대란 소도시 연락 분 참고,0
삼성 대란 티비 구매 후회,0
삼성 대란 티비 글 이상,0
삼성 대란,0
삼성 삼성전자 전자 반도체 부분 올해,0
삼성 삼성전자 전자 현대 현대차 차 그룹 임원 출신 대학,0
삼성 티비 벽걸이,0
삼성 티비 설치,0
삼성 티비 연락,0
삼성,0
삼촌 40 독신 경제 여유 좀 처 참해,0
삼촌 마초 만화,0
삼촌 만화,0
삼촌 최고 스포츠 만화,0
삼촌 한때 건담 메카닉 디자인,0
상남자 향수,0
상모,0
상위권 아이돌,0
새 2,0
새 차 언더 코팅 수성 설득,0
새끼 입대,0
새끼,0
새누리 강원 도당 패쇄,1
새누리 개싸움 시작,0
새누리 난장판 폭로전 비박 박근혜 정부,1
새누리 대한민국 일상 복귀 촛불 민심 자제,1
새누리 돈,0
새누리 돈,1
새누리 분당,1
새누리 예전 교활 정당,1
새누리 이유,0
새누리 이유,1
새누리 이장우 김무성 유승민 인간 자괴감,1
새누리 인물 이정현,1
새누리 정진석 안희정 지사,1
새누리 하태경 의원직 사퇴서 제출,1
새누리 하태경 탄핵 부결 의원직 사퇴,1
새누리당 강원 도당 폐쇄,1
새누리당 강원도 당사 폐쇄,1
새누리당 게임 게임오버 오버,0
새누리당 국회 의원 중애 유일 사람 이혜훈,1
새누리당 내분 자폭,1
새누리당 대략 2 내,1
새누리당 민주당 재산 비교,1
새누리당 완전 난리,1
새누리당 의원 총회 근황,1
새누리당 의원 탄핵 찬반 명단,1
새누리당,1
새대가리 부자,0
새벽 4 결제 대란 삼성 55 내일 배송,0
새벽반 구매 샷,0
새벽반 유게이 진짜,0
새집,0
생일 좀,0
생후 3 마디,0
샤넬 에이 근황,0
샤먼 제말,0
샤오미 전기 스쿠터,0
샤워 콘센트 물 집안 정전,0
서강준 설현,0
서문 시장 기부 연예인,0
서브웨이 샐러드 때,0
서양인 동양인 생각,0
서울 강남 드론 영상,0
서울 공원 갑,0
서울 대낮 엽총 총기 사건 피해자,0
서울 대중 교통 천국,0
서울 상공 영상,0
서울 스타벅스 매장 순위,0
서울 시 서울시 구별 집값 서울대 진학률 학원수,0
서울대 시흥 캠퍼스 조성 사실 올 스톱,0
서유리 실시간 트윗,0
서유리 트위터,0
서인영 오늘 공항 킬힐,0
서정 샘 말,0
서지혜 데뷔초,0
서지혜 못지 배우,0
서지혜 아이린,0
서피스 프로 3 스크린 박살,0
서하준 네이버 프로필 소속사,0
서하준 앱,0
서현이,0
서현진 대세,0
석가 세월호 추모 고래 그림,1
석굴암 아깽이,0
석희 주갤 평가,1
선,0
선물 아내,0
선배 가요,0
선배 선배 가요,0
선생 닭강정,0
선섹스 후 사귐,0
설거지 때,0
설녀 약속 끝 만화,0
설득력,0
설현 굿 럭,0
설현 네이트 근황,0
설현 노출,0
설현 노출,0
설현 단발,0
설현 음 엉덩이 박치기,0
설현 짤 시작 월요일 월요일아침 아침,0
설현 컷,0
설현 혜정,0
성 관계 경험 22 20 때,0
성 소수자 오해 파,0
성 추행 관련 말이 앞뒤,0
성 추행 논란 박대성 최설화 공식 사과,0
성 추행 논란 박대성 최설화 의도 할복,0
성 희롱,0
성공 맥주 광고,0
성균관대,0
성별 장면,0
성인 공공 공공의적 적,0
성인 사이트,0
성장,0
성진국 모유 수유 고충 썰,0
성진국 주부 고민,0
성진국 크리스마스 특선 애니,0
성현아 복귀,0
성형 성형미인 미인,0
세계 541 클라스,0
세계 금기 사진전,0
세계 동양인 차별,0
세계 맛 기행 3 하노이 음식,0
세계 맥주 판매량 탑 10 순위,0
세계 보수화 진보,1
세계 선수권 3 박태환 시련 강해,0
세계 세계일보 일보 여론 조사 더 민주 문재인 59.7,1
세계 수족관,0
세계 안티테제,0
세계 전생 야무치,0
세계 최대 차량,0
세계 최장 터널 길이,0
세계,0
세균 맨,0
세상 마을,0
세상 박근혜 탄핵,1
세상 오타쿠,0
세상 지혜,0
세상 참 도둑 차별,0
세상 형,0
세월 기억 헬조선 함축 그림,1
세월호 7,0
세월호 7,1
세월호 가슴 문자,1
세월호 가족 기쁨 이재명,1
세월호 관련 막말 20 국회 의원,1
세월호 때 점심 말,1
세월호 방사능 피폭 가능성 환자 사진,1
세월호 사고 날 혜가 점심 싹,1
세월호 사고 여파 느낌,1
세월호 여객선 사고,1
세월호 진실 이상호 다이빙 다이빙벨 벨 서 방송,1
세월호 초반 전원 구조 뉴스 말,1
세월호 최초 신고 시간 조작,1
세월호 침몰 경우,1
세월호 침몰 때 바주카 포 이야기,1
세월호 타이타닉 비교,0
세월호 타이타닉,0
세월호 타이타닉,1
세월호 희생 학생 누나 일침,0
세월호 희생 학생 누나,1
세월호 희생자 누나 이야기,1
세월호 희생자 학생 누나,1
세월호,1
세일,0
세차 후 기분 소식,0
셀프 누들 라면 부페 집 근황,0
셀프 등받이 테이블,0
셀프 세차 치명 단점,0
소개팅 썰,0
소개팅 아재 개그,0
소개팅 여자,0
소개팅 전 일,0
소개팅 후기 기분 자존심,0
소개팅,0
소낙규,1
소녀,0
소녀시대 윤아 빛,0
소름 데스노트 복선,0
소름 사파 싸움 방식,0
소름 이론 썰전,0
소름 탄핵 예언 짤,1
소리 검찰 특수본 우병우,1
소리 팬티,0
소보루 뽕,0
소비 전력 생각,0
소설 만약 우병우,1
소설 새누리 대선 일정,1
소시 코리아 베스트 드레서 스완 어워드 윤아,0
소시 탑 티어,0
소주 100 가게,0
소추 안 40 결과 좀,0
소풍 군인,0
속보 20 기준 여의도 5천 운집 국회 방면 행진 시작 이상호 기자 트윗,1
속보 5:50 이정현 의원실 장 배달 이상호 기자 트윗,1
속보 7 3 부로 박근혜 직무 정지,1
속보 고영태 5.18 유가족,1
속보 공식 인증 주갤,1
속보 국회 앞 박사모 모임 주최 1000 주장 실제 10,1
속보 권성동 법사 위원장 압도 가결 감안 헌재 심판 절차,1
속보 뉴스 룸 코난 갤 극딜,0
속보 대통령 최재경 민정 수석 사표 수리 후임 조대환 변호사,1
속보 대통령 탄핵 심판 특검 정면 승부,1
속보 박 대통령 국민 뜻 혼란 마무리,1
속보 박 대통령 최재경 민정 수석 사표 수리,1
속보 박 대통령 탄핵 심판 특검 수사 대응,1
속보 박근혜 5 긴급 국무 회의 소집,1
속보 박근혜 대통령 오후 오후5시 5 국무 위원 회의 소집 미친년 지랄,1
속보 박근혜 대통령 탄핵 가결,1
속보 박근혜 오후 오후5시 5 국무 회의 긴급 소집,1
속보 박근혜 탄핵 부결,1
속보 박근혜 탄핵안 가결,1
속보 불참 의원 3 참여,1
속보 새누리 친박 지도부 김무성 유승민 출당 조치 검토,1
속보 새누리당 강원 도당 사무실,1
속보 손학규 분노 다음 날 더 중요 대한민국 새 판,1
속보 순간 박사모 근황,1
속보 실시간 박그네 상황,1
속보 안철수 투표 용지 유출,1
속보 여야 정 개헌 특위 신설,1
속보 이정현 국민 용서,1
속보 이정현 당 수습 최소 시간,1
속보 이정현 대표 기자 회견 중,1
속보 이정현 사퇴,1
속보 이정현 투표 용지 입수,1
속보 일본 71 선제 공격 가능,0
속보 최재경 민정 수석 사임,1
속보 최재경 사표 수리,1
속보 추미애 대표 이정현 장 지짐,1
속보 추미애 황교안 내각 촛불 민심,1
속보 친박 조원진 의원 탄핵 표결 전 의사 진행 발언 신청,1
속보 컴맹 최순실 기술 활용 교육 법 특허 출원,1
속보 탄핵 소추 의결서 청와대 도착,1
속보 탄핵 소추 의결서 청와대 전달 완료 대통령 권한 정지,1
속보 탄핵안 보고 국민 국민의당 당 주장 국민 국민의당 당 의원 김관영 함,1
속보 헌법 헌법재판소 재판소 현재 7 재판관 회의,1
속보 헌재 공정 신속 진행,0
속보 헌재 탄핵 가결 후 재판관 긴급 회의 소,1
속보 헌재 탄핵 가결 후 재판관 긴급 회의 소집,1
속보 헌재 탄핵 가결 후 재판관 전원 긴급 소집,1
속보 헌재 탄핵 심판 주심 강일원 헌법 재판관,1
속보 현재 시각 박근혜,1
속보 황교안 대행 박근혜 직무 정지 문자 통보,1
속보 황교안 도발 가능성 임무 수행 만전,1
속보 황교안 북한 도발 가능성 군 임무 수행 만전,1
속보 황교안 불법 집회 강력 대응,1
속보 황교안 총리 8 국민 담화,1
속보 황교안 총리 오후 9 국가 안전 보장 회의 개최 안보 잠 검,1
속보 황교안,1
속보,0
속옷 모델 최지선,0
손 건조,0
손 눈 모바일 데이,0
손 마지막 주갤,0
손 사장 디스 시전,0
손 사장 조금,0
손 사장 팩트 폭력,0
손 장 뜻,0
손각대 사용 법,0
손나 손나은,0
손나은 겨드랑이 노출,0
손님 캔 커피 2200,0
손석희 등장 반응,0
손석희 맷 맷데이먼 데이먼 인터뷰,0
손석희 사장 시계 완성,0
손석희 사장 주갤 보고 말,1
손석희 사장 주갤 지령,1
손석희 오늘 9 탄핵 소추 안 표결 뉴스 룸 진행,1
손석희 유시민 신뢰,1
손석희 잔인,0
손석희 주갤 여기 주식,0
손석희 초 고급 고가 시계,0
손석희 형님 손님,1
손석희,0
손연재 올해 선수 1,0
손학규 촛불 민심 개헌 대통령제,1
손학규 트윗,1
손혜원 여명숙 청문회,1
손혜원 의원 계좌 4.5 풀방,1
손혜원 의원 보좌관 페이스북,1
손혜원 의원 양보,1
손혜원 의원 페북,1
손혜원 의원 페이스북,1
손혜원 의원실 김성회 보좌관,1
손흥민 교체 관리 부진,0
손흥민,0
솔로 기간 남성 특징,0
솔로부대 계급 표,0
솜방망이 펀치,0
송영길 박근혜 변기 사건 폭로,1
송영길 박근혜 변기 폭로,1
송영길 박근혜 변기,1
송영길 박근혜 폭로,1
송영길 의원 내 에피소드 공개 박근혜 관련,1
송영길 의원 박근혜 변기 썰,1
송영길 의원 박근혜,1
송영길 전 인천 시장 박근혜 까탈,1
송영길 폭로 박근혜 변기 교체 민주 종편,1
송영길 폭로 박근혜 변기 사건,1
송은이 누나,0
쇼핑 삼성 티비 도착,0
쇼핑 자정 내일,0
수간 유발 일본 고양이,0
수고 2016 에릭 요란 더 특별,0
수고 알바비,0
수구 꼴통 문재인 집 앞 짓거리,1
수능 고3 책상,0
수능 만점 솜뭉치 스브스,0
수면제 위험성,0
수신료 가치 후방,0
수업 시간 몰입 장난 흑형,0
수입 극한 알바,0
수입 차 제값 사면 바보,0
수장 중요 이유,0
수지 02,0
수치 인간,0
수트 기어 클래식 2,0
수트 미학,0
수학계 고든 고든램지 램지,0
순 시리 작품 뒷북 주의,0
순실 남자 8,0
술 형,0
술안주,0
술자리 여우 짓 극혐,0
숭어회 만원치 주문,0
슈스케 결승전 도연 심쿵 짤,0
슈퍼 세일 슈퍼,0
슈퍼 솔저,0
슈퍼 슈퍼비 비 수입 1억 마세라티 구입,0
스노우 스노우볼 볼 구경,0
스님 클라스,0
스마트 폰 사진 때 노출 조절 아이폰 7 은,0
스마트 폰 상황 의인화,0
스맛폰,0
스압 남자 집념,0
스압 삼겹살 영국인,0
스압 일기,0
스압 전생 야무치 건,0
스압 전생 야무치 망가,0
스압 한국 술 일본 아저씨,0
스완슨 평가 최두호 경기 실력,0
스윙스 수입,0
스카이림 리마스터 종말 도시,0
스타 2 워크 3 배틀 체스트 해고,0
스탈린 공산주의 이후,0
스톰 트루퍼 셀카 사진,0
스팀 탄생 이유,0
스팸 스팸메일 메일 근황,0
스팸 카톡 신고,0
스페인 해산물 볶음밥 빠에야,0
스포 용사,0
스포 전자 오락 수호대 이번 화 마지막 장면 보고 감동 글,0
스포 제발 총 영화,0
스포 주의 진격 진격의거인 거인 타이틀 의미,0
스포츠 역사 최고 광고 효과,0
스포트라이트 속,0
스포트라이트 조대환 이메일 단독 입수 조사 대상,1
스포티지 급 대안,0
스피드 웨건,0
슬림 벽걸이 셋탑 공유기 뒷쪽,1
슬픔,0
습관 무서움,0
승마 정유라 라고,1
승무패 1 글,0
승무패 1 독식,0
승무패 8천 17억 하늘,0
승진 자랑 친구,0
시각 런닝맨 촬영 국회 의원,1
시각 박근혜,1
시각 박사모 현황,1
시각 방송,0
시각 사람,0
시각 새누리 당사 앞 박사모,1
시각 이정현 의원실,1
시각 장애인 9 딸 생일 생일선물 선물,0
시각 추미애 이정현,1
시각 평가 필요,0
시각 현재 유시민,1
시간 광주 금남로 도청 앞,0
시간 구미,0
시간 국회 포위 중,0
시간 군만두,0
시간 서유리,0
시간 일본 방송,0
시간 표 엉망,0
시간부 우리 군인,0
시계 좀 답글 좀,0
시국 아이돌,0
시그니처 넘,0
시그니처,0
시댁,0
시라이시,0
시류 침착 맨,0
시리즈 영화 원탑,0
시민 반응 사진,0
시바 먹이,0
시바,0
시발,0
시빌 번가 가격 프로모션,0
시식 코너 알바,0
시위 종각 근처 상인 생각,0
시작 시작과끝 끝,0
시작,0
시장 탑텐 선전,0
시절,0
시즌 그리팅,0
시진핑 태평양 미국 중국,0
시청률 2.8 추락 뉴스 데스크 폐지 수준,0
식당 고영태 밥,1
식물 갤 근황,0
식물 생식기 소,0
신 주갤럼,0
신고 생각,0
신데렐라 이야기,0
신랑 동심 파괴,0
신박 불편,0
신발 하나,0
신부 뒷조사 조계사 조치 메모 천주교 불교 사찰,0
신부 사제 이야기,0
신분증 스캐너 2 단통법 유통점 반발,0
신비 군필,0
신비,0
신성우 결혼식 참석 1 최할리,0
신성우,0
신세계몰 삼성 지연 보상 안내,0
신용 카드 도난 신고 이유,0
신음 소리,0
신이랑 은탁 합짤,0
신임 민정 수석 전력,1
신입 상 갤러 아우터 명칭 사진,0
신입 신입사원 사원,0
신입,0
신작 게임 게이머,0
신작 후,0
신작,0
신장병 자식 김치 장아찌 부모,0
신종 행운 램 섬웨어,1
신천 신촌,0
신천지 신도 1000 명성 명성교회 교회 6 땅 밟기 충격,0
신카이 신카이마코토 마코토 완벽,0
신혼 가구 고수,0
신혼 신혼여행 여행 마지막 마지막밤 밤,0
실내 촬영 시,0
실수 당황 너구리,0
실시간 국회 앞 김제동 주진우,1
실시간 국회 앞,1
실시간 국회 의사당 역,1
실시간 단풍 국,0
실시간 박근혜,1
실시간 박지원,1
실시간 박찬호,0
실시간 새누리 친박 상황,1
실시간 이정현 의원실 앞,1
실시간 이정현 의원실,1
실시간 인천 인천공항 공항 박보검,0
실시간 치킨 집 상황,0
실시간 탄핵 소식 기분 박근혜,1
실시간 트페 미,0
실제 블랙홀 영화 블랙홀 차이,0
실제론 239,0
실제론 239,1
심각 운전 운전면허 면허,0
심리학자 분석 한국인 심리 특성,0
심상정 의원 트위터,1
심해 가면 이유,0
십일조 근황,0
싸드 이후 대 중국 수출,0
싸인,0
쌀나라 방송 사고 집착,0
썰전 유시민 오늘 밤 뉴스 룸 손석희 앵커,1
썰전 이재명 박근혜 박정희 유해 옆,1
썰전 전원책 대신,1
썰전 전원책 대안 문제,1
썰전 전원책 말 공감,1
썰전 진행 김어준,1
썸녀 원인 상담 좀,0
쏘나타 페이스 리프트 예상도,0
쓰레기 일본 영화,0
씨스타 다솜 탁재훈 이특,0
씨스타 소유 오늘 모습,0
아규연 스포트라이트,0
아기 사실 성 관계 게,0
아내 남자,0
아내 잠자리 거부 홧김 자기 성기 남성,0
아내 저녁상 첫날,0
아내 전화 15,0
아내 차사,0
아내 호텔,0
아내,0
아놔 열 변호인 2,0
아들 군대,0
아들 눈치,0
아들 부대 복귀 길,0
아들 숙제 등짝,0
아들 여장 엄마,0
아들,0
아랍인 독일 독일인 공격,0
아마존 비디오 다음 주 한국 포함 전 세계 동시 출시,0
아마추어,0
아몬 엄마 거양,0
아무 경선 자 지지,0
아버지 거래,0
아빠 아기 이유,0
아빠 전문가 때 일,0
아빠 파마,0
아빠 하교 딸,0
아빠,0
아스날 과학인 이유,0
아시아인 능욕 뉴질랜드,0
아싸씨노,0
아우디 모델,0
아이 레전드,0
아이고 내 새끼 내 새끼 내 새끼 주갤 펌,0
아이돌 골반 왕,0
아이돌 역대 최고,0
아이돌 태연 정도,0
아이린 눈물,0
아이린,0
아이유 겨드랑이,0
아이유 데뷔 3000 기념 연탄 배달 봉사 정산 후기,0
아이유,0
아이유,0
아이패드 멀티 멀티태스킹 태스킹,0
아이폰 5c,0
아재 개그 최후,0
아재 추억 전자 기기,0
아재 혼술,0
아재 혼자,0
아재,0
아저씨 비밀 친구,0
아침 국회 의원 배덕광 해운대 을 문자,1
아침 눈,0
아침 앨리스,0
아침 음식,0
아침 잠 공포 짤,0
아파트 1 비추,0
아파트 단지 드론,0
아파트 무료 분양,0
아프리카 먹방 수준,0
아프리카 아프리카tv 문화 충격,0
아픔,0
아헤가오 짤,0
아헤가오 코스프레녀,0
악 마견 얌전,0
악당 팩트 폭력,0
악마,0
안개등 눈뽕 논란,0
안개등 시야각 비교,0
안검 하수도 수술 어머니 이해 안가네,0
안나경 아나운서 갑인,0
안나경 아나운서 수고,0
안나경 팩 폭,0
안녕 개돼지,0
안녕 안녕하세요 남편,0
안녕 안녕하세요 후지 공 가입 신고합니다,0
안랩 극혐,0
안민석 의원 떡 만둣국 먹튀 사건,0
안민석 의원 떡 만둣국 먹튀 사건,1
안민석 의원 일침,1
안상수 창원 시장 촛불 개헌,1
안전띠,0
안정환 정글 전 후 비교,0
안종범,1
안철수 대한민국 빚 생각,1
안철수 요즘,1
안철수 의원 큰일 사실,1
안철수 정도 모양,1
안철수 투표 용지 공개,1
안철수 투표 용지,1
안철수 트윗 레전드,1
안철수 트윗,1
안철수 페이스북,1
안철수,1
안현모 기자 7 회사,0
안희정 님 마음 함,1
안희정 도지사 페이스북,1
안희정 문재인 고립 전략 정치,1
안희정 부류 정치인,1
안희정 오늘 발언,1
안희정 이재명 시장 유감,1
안희정 지사 일정 안내,1
안희정 지사 페북 이재명 시장 언급,1
안희정 충남 지사 생각,1
안희정 트위터,1
안희정 페이스북,1
안희정 품격 정치,1
안희정,1
알 차장 알베르토 자기 쓸데 자동차 기능,0
알 테스트,0
알라딘 호구,0
알리 배송 장난,0
알리 제품 구매 실패기,0
알바 불참 1 문재인,1
알바,0
알바생 책임감,0
알약 백신 함정,0
압구정 현대 사람,0
압도 강남 구,0
앙심 품고 엽총 발사,0
앙투라지 서강준 계약,0
앞 남편 친정,0
앞,0
애 밥 머리 화장,0
애 재롱 잔치 일정,0
애 트라우마 장난,0
애견 확대 범,0
애국 보수 위엄,0
애니,0
애니메이션 장면 후방 주의,0
애니팡 개 고수,0
애용 사이트,0
애인 말,0
애정 여성 로봇,0
애플 미국 생산 공장 삼성,0
애플 쉬바,0
애플 스토어 설계 포스터 파트너스 설계 한국 한국타이어 타이어 테크노 돔,0
액티브 액티브x 한국 이유,0
앨리스 가면,0
앨리스 시작 조유진,0
야 새우,0
야 일베 해,0
야,0
야권 분열,0
야근 미화 애니,0
야동 때 개꿀팁,0
야무치 근황,0
야무치 야구장 주인공,0
야심 밤 올 가계부 인증,0
야이 려,0
야카오 톡 잘못,0
야쿠르트 아주머니 진화,0
야후 독일 탄핵 기사,1
약 망아지,0
약 스압 산불 현장 다람쥐,0
약 스압 주의,0
약 후방 가슴 전투력,0
약 후방 걸 그룹 단발 단발머리 머리,0
약 후방 시스루 드레스,0
약 후방 열혈 스포츠 소녀 애니메이션,0
약속 사나이 이정현,1
약속 호텔 사장,0
약혐 고기 분쇄기,0
약혐 내 중 최고 설정 샷,0
약혐 등에 문 신한녀,0
얀데레 팬 얀데레,0
얀데레 팬,0
양갱,0
양반집 며느리 서양녀,0
양상국,0
양심 인간,0
양아치,0
양조위 눈빛,0
양준혁,0
양치 때 개 공감,0
양현석 멘붕 우문현답,0
양현석,0
양현석,0
어그로 짤방 하나,0
어른유,0
어린이 장난감 딜레마,0
어머 임신 박근혜,1
어머니 박사모 밴드 가입,1
어머니 아버지 사랑 계좌 조회 꽁돈 24만,0
어머니,0
어이,0
어제 날,0
어제 사람 절,0
어제 오늘 이재명 좀 비판,0
어제 자 맨 맨인블랙 인 블랙,0
어제 자 봉하 마을 풍경 노무현 대통령 사저 내부,1
어제 자 샤 오소리 보온병,0
어제 자 스포트라이트 핵심 캡쳐 본,0
어제 자 스포트라이트 행보,0
어제 자 예능 시청률,0
어제 자 팩 폭 김기춘,1
억울 냥이,0
억울 무료 변호 30 전 광고 전단지,0
언더 코팅 심적 안정감,0
얼굴,0
엄마 대통령,0
엄마 데이트,0
엄마 부대 주옥순 의문 엠빙신,1
엄마 부대 주옥순,0
엄마 부대 주옥순,1
엄마 수간러,0
엄마 순발력,0
엄마 연예인 중 사람 이상형,0
엄마 지기 아이,0
엄마 팩 폭,0
엄마 핵 수저,0
엄지 발톱 뿌리 1,0
엄크 레전드,0
엉덩국 만화 공장 위기,0
에버 필터 사과문,0
에서 프로그램,0
에어 에어비앤비 비앤비 방 공유,0
에어 에어비앤비 비앤비 실수 예약 10 뒤 취소 환불 불가,0
에어컨 설치 기사 아저씨,0
에어컨 설치 기사,0
에이 에이핑크 핑크 내복 자랑 보미,0
에이 에이핑크 핑크 별 별 영상 공개 꽃 미모 영,0
에이즈 중국 약사,0
엑스맨 퍼스트 퍼스트클래스 클래스 요약,0
엔진 오일 교체 질문,0
엔터 공식 진이 언급,0
엔화 900 진입 얼마,0
엘시티 현재 공정율,0
엘지 20 무한 부팅,0
엘프 귀 이어폰,0
엠마 엠마스톤 스톤 전체 자태,0
엠빙신 뉴스 표결 인증 샷 공개 불가,1
엠팍 펌 동생 하늘 나라,0
엠팍 펌 시각 추미애 이정현,1
엠팍 형님 주갤,0
엣지 구매,0
엣지,0
여 아이돌 왕따설 레전드,0
여 후배 고백 망가,0
여고딩 팩 폭,0
여고생 가슴 햄버거,0
여고생 망가,0
여고생 밸리 밸리댄서 댄서 분,0
여고생 밸리 밸리댄서 댄서,0
여고생 밸리 밸리댄스 댄스 정체,0
여고생 뽀뽀 망가,0
여고생 썅 욕,0
여고생 홍은희,0
여기 내 자리 개,0
여기사 심문 망가,0
여기사 오크 물 망가,0
여기자 박근혜 머리,1
여기자 박근혜 올림 머리,1
여대생,0
여동생 머리 오빠 주의,0
여동생 머리 오빠,0
여동생 친구,0
여명숙 게임물 관리 위원장 몸매,0
여명숙 몸매,0
여명숙,1
여보 우리 딸 좀,0
여보 우리 딸,0
여사친 괴짜 친구,0
여성 상위 여자 극 극,0
여성 상황 불안,0
여성 전문 대출 시작 무 과장 근황,0
여성 행복 선진국,0
여성 흥분제,0
여야 3 여야 정 협의체 운영 국회 개헌 특위 신설 속보,1
여에스더 관련 다큐,0
여왕,0
여우 망가,0
여자 강제 일,0
여자 검스 남자 아이템,0
여자 고위직 게,0
여자 끝,0
여자 데이트,0
여자 때 유머,0
여자 말 때,0
여자 몸매 특징,0
여자 사이 알력 회사 안,0
여자 아이 여자,0
여자 아이돌,0
여자 여자 참 게,0
여자 여자친구 친구 마지노선,0
여자 여자친구 친구 빵집,0
여자 여자친구 친구 생리 데이트,0
여자 여자친구 친구 키스 얘기,0
여자 여자친구 친구 패딩 선물,0
여자 여자친구 친구 포켓 포켓몬스터 몬스터,0
여자 여자친구 친구 호식이 정신,0
여자 여자친구 친구 혼밥,0
여자 여자화장실 화장실 갤러,0
여자 여자화장실 화장실 고개,0
여자 자위 기구 댓글 반응 후기,0
여자 장난 홍만 형,0
여자 키 174,0
여자 키 175,0
여자 피부 비밀,0
여자 형 망가,0
여자,0
여자애 비 날 우산 내 모습,0
여자애 앉은뱅이 술 망가,0
여자애,0
여장 남자 남장 여자,0
여중생 패기,0
여중생,0
여직원 머리 단발,0
여직원 여행 선물,0
여친 가슴 크기 측정,0
여친 감기 문제,0
여친 구매 아들,0
역대 급 문재인 인성,1
역대 급 방송 사고,0
역대 급 설래발,0
역대 급 시청률 기록 뉴스 룸,1
역대 급 탄핵 국회 의원,1
역대 정치인 중 가장 경악 말,0
역도 요정 김복주 남주혁 이성경 내친김,0
역사 3 허락,0
역사 공부 게임,0
역사 길이 선전 포고,0
역사 아이,0
역사 최악 시위,0
역전 청문회,1
연기 대상 올해 100 시청자 투표 선정 공식 입장,0
연말 50 보답,0
연말 연시 파리 소비 시장,0
연봉 10억 실수령액 7억,0
연봉 1억 람보,0
연세대 서울대,0
연습생 일본,0
연예 2007 2016 걸 그룹 데뷔년,0
연예 나연 영상,0
연예 나연,0
연예 도망 외국인 옹호 중,0
연예 비키니 포함 후방 주의 그라돌 쿠라시나,0
연예 빵떠기,0
연예 상처,0
연예 석희 형님네 손님,0
연예 선배,0
연예 성 추행 논란 최설화 박대성 화해,0
연예 손나은,0
연예 스텔라 효은,0
연예 아이린,0
연예 야근 언니 라인,0
연예 약 후방 최설화,0
연예 언니야 총,0
연예 에바 에바그린 그린 고화질 바탕 화면 40 스,0
연예 오하영,0
연예 요즘 관심,0
연예 우희,0
연예 유느님,0
연예 이하늘 동생,0
연예 재미 트와이스 서열,0
연예 크라임 크라임씬 씬 3 제작 시작,0
연예 크리스마스 2 시점 오이,0
연예 키스 입술 데이터 주의,0
연예 트와이스 미나 9,0
연예 트와이스 불후 불후의명곡 명곡,0
연예 헬로 헬로비너스 비너스,0
연예 화보 못 김옥빈,0
연예,0
연예인 별명 유행어 사례,0
연예인 영상 유출 언급,0
열도 간장 종지,0
열도 만화 천조국 대통령 능욕,0
열도 문재인,1
열도 심각 온라인 게임 내 왕따 문제,0
열정 강의 교수,0
영국 난리 난 한류,0
영국 대회 요약,0
영국 생일 상,0
영국 직접 남 중국해 분쟁 개입 나선 이유,0
영국 피시 칩스 오징어 대세 해수 온도 영향,0
영국 한류,0
영국 현실,0
영만 아재 감동 코드 독설 코드,0
영상 촬영 도움 장난감,0
영상,0
영어 장점,0
영어 학원 등록,0
영웅,0
영화 마스터 언론 시사회 반응,0
영화 백악관 백악관최후의날 최후 날,0
영화 볼 때 배우,0
영화 어카운턴트 수작 스포,0
영화 영화가좋다 곡성 삭제 장면,0
영화 은교 때 표정,0
영화 큰일,0
영화 판도라 글,0
영화관 손,0
옆 나라 기차 일등석,0
옆 나라 모바일 게임,0
옆 나라,0
옆 핫도그 집 대박,0
옆동네 논란 고양이 무료 분양 글,0
옆동네 논란 글 조카 경대 졸업,0
옆동네 손혜원 의원 보좌관 인증,1
옆모습 국회 의원,1
옆자리 과장 차 정리,0
예리,0
예비군 간 공유,0
예비군 개꿀팁,0
예비군 공감 99,0
예비군 공감,0
예언자,0
예원 속옷 모델 출신 클라스,0
예의,0
예전 크리스마스 분위기,0
예정화 도전녀,0
예판 후기,0
옛날 아파트 건축,0
옛날 원더 원더우먼 우먼 몰입감 이유,0
옛날,0
오 집,0
오구 오구 우리 코딱지,0
오나홀 화상 썰,0
오늘 1 시선 충격,0
오늘 1 추가,0
오늘 2580 실수,0
오늘 걸 그룹 마지막 불장난 모습,0
오늘 검찰 태블릿,1
오늘 게임방 사이다,0
오늘 경험,0
오늘 국민 진상,0
오늘 국회 앞 소녀,1
오늘 국회 의사당,1
오늘 국회 의원 한마디,1
오늘 기분,0
오늘 김어준 인터뷰 빅 원순 시장,1
오늘 날 파괴 신,0
오늘 날,0
오늘 내,0
오늘 네이버 의문점,0
오늘 뉴스 때 시청자 비난 멘트,0
오늘 뉴스 룸 까네,0
오늘 뉴스 룸 대박 중의 대박 이유,1
오늘 뉴스 룸 방송 이후 불안 사람,0
오늘 뉴스 룸 보도 이불 킥 사람,0
오늘 뉴스 룸 손석희 진행,1
오늘 뉴스 룸 손석희 특별 진행 초대 손님 유시민,1
오늘 뉴스 룸 예고,0
오늘 뉴스 룸 예고,1
오늘 뉴스 룸 젤 장면 주인공 고영태,1
오늘 뉴스 룸 특이점 온 베 충,0
오늘 뉴스 룸,1
오늘 떡밥 한방 여자 연예인,0
오늘 마음 짤,0
오늘 맨 맨인블랙 인 블랙 블랙박스 박스 렉카,0
오늘 문성민 아내 황재균,0
오늘 문자,0
오늘 미사,0
오늘 미용사 원장,0
오늘 미키타리안 데뷔 골,0
오늘 민경훈,0
오늘 박근혜 운세,1
오늘 방청석 차지 세월 유가족 글,1
오늘 번호판 가림 형사 고발 4,0
오늘 불참 국회 의원 프로필 3 유,1
오늘 불티 음식,0
오늘 블랙박스 세상 사고 영상 넘,0
오늘 비정상 비정상회담 회담 출연진,0
오늘 사생활,0
오늘 사진,0
오늘 새벽 박주민 의원,1
오늘 선물,0
오늘 소멸,0
오늘 손흥민 팀내 부진 토트넘,0
오늘 시위 고양이 귀 소녀 촛불 종이 컵,0
오늘 아침 7 거지 갑 박주민 의원,1
오늘 아침 거지 갑 박주민 의원,1
오늘 아침 뉴스 현란 똥구멍,0
오늘 아침 딸램,0
오늘 안철수 문재인,1
오늘 야식,0
오늘 여의도 9 퇴근 실황,0
오늘 오프 경향 경향신문 신문 1,0
오늘 위기 순간,0
오늘 유머 공식 최고 사이다,0
오늘 인증 날,0
오늘 입영 일자,0
오늘 자 가성비 지름,0
오늘 자 갓 도리,1
오늘 자 갤럽 지지도 박근혜 전주 대비 25 폭등,1
오늘 자 김소혜 인스타그램,0
오늘 자 김소희,0
오늘 자 네이버 뉴스 알바 3 3중충돌 충돌 현장,0
오늘 자 뉴스 룸 게스트,1
오늘 자 뉴스 룸 엔딩 곡,0
오늘 자 뉴스 룸 요약 정리,0
오늘 자 뉴스 룸 유시민 출연,1
오늘 자 뉴스 룸 정리,0
오늘 자 뉴스 주갤러,0
오늘 자 다문 뉴스,0
오늘 자 대선 지지율,1
오늘 자 레바 드립,0
오늘 자 명왕 문재인 발언,1
오늘 자 박근혜 1952 운세,1
오늘 자 박사모 현수막,1
오늘 자 비하인드 3,0
오늘 자 세분,0
오늘 자 소녀시대 윤아,0
오늘 자 스틸,0
오늘 자 스포트라이트 핵심 캡쳐 본,0
오늘 자 신문 호외,0
오늘 자 안나경 원피스,0
오늘 자 안나경,0
오늘 자 안철수 투표 용지 예상,1
오늘 자 안철수,1
오늘 자 유희관,0
오늘 자 장도리,1
오늘 자 주갤 명언,0
오늘 자 차우찬 김한수 감독,0
오늘 자 최강희,0
오늘 자 탄핵 명언,1
오늘 자 탑골 국회,0
오늘 자 표창원,1
오늘 자 홍수현 미모,0
오늘 자 황교안,0
오늘 자 황교안,1
오늘 장군,0
오늘 저녁 꼬기,0
오늘 저녁 뉴스 데스크 뜬금 사과 클로징 멘트,0
오늘 정세균 의장 싸인,1
오늘 주갤,0
오늘 채널 채널a 한건,0
오늘 탄핵 대박 집,1
오늘 투개표 방송 점 증명 점,1
오늘 헤어,0
오늘 회식,0
오늘 흑화 설현,0
오늘,0
오니 지인 연락,0
오니,0
오니야 진심 니,0
오니즈카,0
오덕 이미지,0
오도 방 병원 자,0
오디션 태연 노래,0
오락실 간 썰,0
오락실 게임 망가,0
오랜만 드라이브,0
오랜만 멍갤 방문 금동이,0
오랜만 밤 땔감 멍뭉이,0
오랜만 심장,0
오랫동안 관행 중 대표 논문 표절 위장 전입,0
오른손 장지,0
오리진 시기,0
오막삼 12 7만 15 1천 선택,0
오버 오버워치 워치 만화 솔저 젠야타 만화,0
오버 오버워치 워치 시즌 2 플레 시작 유저 기록,0
오버 오버워치 워치 오리지널 트로트 곡 석양 진다 빵빵빵 라이브,0
오버 오버워치 워치 짤 현재 메타,0
오버 오버워치 워치 짤,0
오버 오버워치 워치 프레임 반 토막,0
오버 오버워치 워치 현재 디바 사기 이유,0
오버 와치 목소리 2,0
오버 와치 목소리 3,0
오버 와치 목소리,0
오빠 결혼 생각,0
오빠 머리,0
오빠 여동생,0
오빠 쟁취 썰,0
오빠 차 회사 언니 남친 외제 차 말,0
오빠,0
오사카 역 사람,0
오스트리아 편지,0
오유 레전드,0
오유 착샷 사진 도용,0
오유 펌 뉴스 룸 7 40 동안 손 희 옹이 진행,1
오유 회의론 일베 오유나 논리,0
오유,0
오유인 필수 게임,0
오이 갤러 집 여자 방문 만화,0
오전 와싸다 사운드 바,0
오징어 진리,0
오타쿠 어그로 만화,0
오타쿠 햄버거,0
오타쿠,0
오픈 하이퍼 유니버스 근황,0
오피셜 뉴스 룸 일베 소리 팩트 조질 생각,1
오피셜 박근혜 직무 정지,1
오피셜 오늘 9 뉴스 룸 관행 손석희 진행,1
오피셜 콜드플레이 추가 공연,0
오후 오후3시 3 박근혜 탄핵 국회 표결 숨 대한민국,1
옥스포드 남녀 공용 대명사 제안,0
온라인 게임 방법,0
올 뉴 말리부 고급유,0
올해 11번가 티 멤버쉽 사용,0
올해 2016 총정리,0
올해 갓 커뮤니티,0
올해 공무원 추합 레전드,0
올해 구입 분 큰일,0
올해 굴,0
올해 드라마,0
올해 박근혜 주재 국무 회의 횟수,1
올해 운,0
올해 주식 상황,0
올해 청와대 박근혜 주재 국무 회의 횟수,1
올해 최고 히트 상품,0
올해 코스프레 오브,0
옵빠,0
옷 수거함 충격 진실,0
옷 연예인,0
옷 이미지 검색 여자 모델,0
와갤러 만화,0
와싱톤 밤거리,0
와썹 와썹 우리 팀 올래,0
와이파이 채널 선택,0
와이프 러시아 항공,0
와이프 말,0
와이프 산,0
와이프 카톡,0
와이프 크리스마스 크리스마스선물 선물,0
와이프 포기,0
와이프,0
와중 새누리당 원인 전 국회 의원 아들 금감원 채용 비리,1
와중 암기 문제 패턴화 갑,0
와치 독스 2 관광객 사진,0
완전 방어,0
완전 주위 완전,0
왕좌 왕좌의게임 게임 서자 전쟁 구도,0
외국 게임 회사,0
외국 교사 제자 성 관계 형벌,0
외국 피트니스 모델,0
외국계 회사 절세 방법,0
외국인 36만 하루 반품 멘붕,0
외모 지상주의 친구,0
외삼촌 축구 게임,0
외식 20161211 팔레 팔레드고몽 드 고몽 미슐랭 투어,0
외전 전생 야무치 건,0
외출,0
외쿡인 삼촌 손님,0
요가녀 자세,0
요거트 너프 해,0
요고 요고 불편,0
요구르트 아주머니 진화,0
요구르트 요구,0
요다 형 미인,0
요다 형 여자 연예인,0
요리 사람 이유,0
요번 아임 아임슈퍼모델 슈퍼 모델 출전 이경실 딸,0
요새 주갤 오유 땜,0
요새 캐논,0
요새 풍자,0
요즘 가장 운동화 2,0
요즘 고양이 간식 감시 카메라 설치,0
요즘 대새 패딩 경량,0
요즘 대자,0
요즘 대한민국 학생 삶,0
요즘 도구 이용 유치원 교사,0
요즘 드라마 다 도깨비 처럼 디테일,0
요즘 드라마 배경 날림,0
요즘 드라마 재미,0
요즘 롱 패딩,0
요즘 만화방 클라스,0
요즘 무가,0
요즘 박지원,1
요즘 분리 원룸,0
요즘 빵집,0
요즘 서울 시 서울시 인 서울 서울대학교 대학교 입시 결과 공개,0
요즘 애 지하철 컬쳐 쇼크,0
요즘 애니 캐릭,0
요즘 애니 클라스,0
요즘 여고생 수능 후 30 40 성형 수술,0
요즘 여성 평균 키,0
요즘 옷,0
요즘 요리 게임,0
요즘 위메프,0
요즘 이상,0
요즘 일본 애니 메카닉 디자인 퇴보,0
요즘 일본 애니 수준,0
요즘 젊은이 참 암담,0
요즘 주갤 분위기 영 개판,0
요즘 중국집 배달 포장,0
요즘 촛불 시위 클라스,0
요즘 친구 말,0
요즘 카메라 필터 위력,0
요즘 카스테라 유행,0
요즘 회사,0
요청 정현이 문자,0
욕 이유,0
욕 주의 혐 주의 세계 금기 사진전,0
욕설 주의 디씨 오인 공격,0
욕설 주의 여자 여자화장실 화장실 갤러,0
용과 용과같이 6 근황,0
용과 용과같이 6 야마토 프라 모델 실물 등장 스포,0
용산 조립 컴퓨터 광고,0
용산 중고 운,0
용인 한선교 찬성표,1
우디르견,0
우려,0
우뢰매 극장 거짓말,0
우리 교회 목사 설교,0
우리 국민,1
우리 내부 총질 토론 엊그제,0
우리 노무현 친일파 청산 작업,1
우리 돈 박대모 자폭,0
우리 돈 박사모 이웃 박대 모의 자폭,1
우리 방법,0
우리 현실,0
우리 회사 팀 탄핵 기념 삼겹살,0
우리 회사 팀 탄핵 기념 삼겹살,1
우리혜,0
우문 현답,0
우문현답,0
우병우 1100만 베리,1
우병우 개새끼,1
우병우 도주 잡기 이유,1
우병우 때,1
우병우 발견 시 패도,1
우병우 발견 시,1
우병우 본인 무지,1
우병우 사무실 우병우 검찰 수사 건물,1
우병우 설악산 근처 하얀색 벤츠,1
우병우 시체 발견,1
우병우 아들 코너링,1
우병우 우병우,1
우병우 은신처,1
우병우 인물,1
우병우 일화,1
우병우 자동차,1
우병우 장시호,1
우병우 주갤,1
우병우 주갤럼 반응,1
우병우 지명 지명수배 수배 중인,1
우병우 차 부동산 소유 회사,1
우병우 추격 주갤러,1
우병우 추노 포스터,1
우병우 커뮤니티,1
우병우 현상금 1100만,1
우병우 현상금 200만 흰색 벤츠,1
우병우 현상금 200만,1
우병우 현상금 포스터 정봉주 이어 네티즌 안민석,1
우병우,1
우상호 경계령 야권 통합 개헌 이야기,1
우상호 내년 1 야권 통합 운동,1
우상호 원내 대표 12 사장 문제 최순실 관련 제보 당,1
우상호 원내 대표 이정현 단식 이해 최순,1
우상호 원내 대표 착각,1
우상호 이정현 단식 이해 최순실,1
우상호 최순실 사장 선임 과정 개입 제보,1
우승 김보름,0
우와 누나 약,0
우와,0
우주 기운 몰린 탄핵,1
우주 기운 탄핵 가결 요약,1
우주 기운 탄핵 결과,1
우주 기운 투표,0
우주 기운 투표,1
우체국,0
우크라이나 시위,0
우크라이나 형 사람 우크 형,0
운동 아이린,0
운명 불행 아이 김신,0
운전 골 문제,0
운전 달인,0
운전 상식 테스트,0
운전 연수,0
운전 학원 강사 꿀팁,0
운행 바보 시간,0
울산 지진,0
울집 고양이,0
울집 주인,0
울티모 울티모드래곤 드래곤 업적,0
움짤 더,0
웃대 얘기,0
웃대인 심쿵 책임 고양이,0
웃대인 이중성,0
웃대인,0
웃짤,0
원더걸스 내년 1 계약 만료 계약 논의 공식 입장,0
원룸 계약 만료 이사 때 1 전 통보 규정,0
원룸,0
원인,0
원조 파괴 왕 트윗,0
원피스 나미 변천사,0
원피스 움짤,0
원피스 장면,0
원피스 초반 장면,0
원피스 한정 피규어,0
월계수 양복점 누가,0
월계수 양복점 이세영 분량 용량 주의 후방 주의,0
월계수 조윤희 남편,0
월급 자랑 글,0
월드 스타 히틀러 쟝,0
월세 불리 이유,0
월세 이유,0
웨스트 햄 파예 프리킥 동점 골,0
위력,0
위메프 1212 데이 클라스,0
위메프 1212,0
위메프 3,0
위메프 몬가,0
위메프 생색 내기,0
위메프 서버,0
위메프 이벤트 구매 정신 건강,0
위메프 이벤트 저따위,0
위메프 특가 1212 행사 중,0
위메프 폰 케이스,0
위메프 하나,0
위메프 헬,0
위메프,0
위장력 국군 전투복,0
윈 10 이번 업데이트 문제 심각,0
윈도우 디펜더,0
윈도우 로고 역사,0
윗집 부부 싸움,0
유게 다크 다크나이트 나이트 괴도,0
유게 박제 짤 책 내도,0
유게 최대 축제,0
유게이 수면 내시경 경험,0
유관 부서 가 1 사이,0
유기 노숙 리트리버 구출 작전,0
유능 수인 메이드 망가,0
유니클로 마법 가격,0
유니클로 현지화,0
유두 기술,0
유럽 밤 문화 경험,0
유럽 여행 2000 2016,0
유로 트럭 끝판왕,0
유리 백현 유희열 2016 가요 대전,0
유머 1 1차대전 대전 자비 방법,0
유머 1 위엄 1,0
유머 19금 카페라떼,0
유머 2 롯데 롯데월드 월드 사진 공모전,0
유머 20 pc방 알바 40억 자산가,0
유머 30 민증 검사 경우,0
유머 3000 검거 전직 형사 변,0
유머 41999 박은 렉서스,0
유머 5 응시,0
유머 가상 영화 포스터,0
유머 간장 접시,0
유머 강동원,0
유머 강아지 절대 주인,0
유머 개 선임,0
유머 개,0
유머 게시글 댓글,0
유머 게임 속 죽음 가치,0
유머 게임계 남녀 차별,0
유머 고독 게이머,0
유머 고양이 고양이,0
유머 고장 냥이,0
유머 고장남,0
유머 공포 망캐,0
유머 관람차,0
유머 구글 플레이 선정 2016 최고 앱,0
유머 군대 고문관 특징,0
유머 귀요미,0
유머 기대 짤,0
유머 기분 대기,0
유머 기억 한국사,0
유머 길냥이 포획 작전,0
유머 꿈 비참,0
유머 끝,0
유머 낚시 유플러스,0
유머 날씨,0
유머 남 물건,0
유머 내 지각 택시 때,0
유머 내성 사람 상황,0
유머 냉혹 다이어트 도우미,0
유머 놈 인성 수준,0
유머 누나 사랑 주갤,0
유머 누나 소리야,0
유머 누나 전화 남자,0
유머 느낌,0
유머 니들,0
유머 다 스마트 폰,0
유머 다음 주 토요일 오이 갤러 모습,0
유머 당나귀 합체,0
유머 대륙 폭행 이야기,0
유머 대학 사람,0
유머 댓글 단합력,0
유머 데이터 주의 방방 동물,0
유머 동물 확대,0
유머 돛단배 여성,0
유머 드래곤 드래곤볼 볼 야무치 근황,0
유머 디시 테러범,0
유머 딜 서폿,0
유머 때 아무,0
유머 똥꼬 면봉 썰,0
유머 뜻밖 탈의,0
유머 러시아 애완 동물 산책 방법,0
유머 롤,0
유머 롯데 롯데월드 월드 이중성,0
유머 롯데 롯데월드 월드 허언증,0
유머 머리맡 인형 이유,0
유머 멧돼지 고기,0
유머 명예 대현자,0
유머 모에화,0
유머 모텔 알바 개꿀,0
유머 목 짐승,0
유머 몸 머리 고생 함,0
유머 미국 노인 물가 상승률 체감기,0
유머 밑 장,0
유머 박 대통령,0
유머 발견,0
유머 밥 고양이,0
유머 밥그릇 고양이 캣 타워 유인,0
유머 변태 식습관,0
유머 복학생 얘들 밥,0
유머 부대 간부,0
유머 부부 일상 만화,0
유머 비글 악마견,0
유머 비정상 비정상회담 회담 다니엘 한국 여자 여자친구 친구,0
유머 빵 뽕,0
유머 사드 배치,0
유머 사람,0
유머 사랑 견종,0
유머 사주 유병재,0
유머 삶 이유,0
유머 상황극,0
유머 서민 맛 만화,0
유머 서민 생활 박진영,0
유머 서유리 트위터,0
유머 성 범죄 예방 만화,0
유머 세계 전생 물 끝판왕,0
유머 손석희,0
유머 수시 정시 차이,0
유머 술 여자 계단,0
유머 술 이유,0
유머 스마트 폰 위험성,0
유머 스마트 폰 학교,0
유머 스압 사주 유병재,0
유머 스티커 사용 법,0
유머 스팀 이유,0
유머 시공 폭풍 폭풍속으로 속,0
유머 시절 추억,0
유머 식스 식스센스 센스 능가 짤,0
유머 신병,0
유머 신용 카드 도난 신고 이유,0
유머 실시간 트페 미,0
유머 실전 대비,0
유머 심심이,0
유머 싸인,0
유머 쓰레기 똥,0
유머 아빠 깨달음,0
유머 아이유,0
유머 악 마견 얌전,0
유머 악수 대결,0
유머 애 돌보기,0
유머 야무치 근황,0
유머 야식 게,0
유머 야한거 방법,0
유머 약 후방 몸매 자랑녀,0
유머 약 후방 열혈 스포츠 소녀 애니메이션,0
유머 얀데레,0
유머 어둠 소환술,0
유머 엄마 순발력,0
유머 엄마 핵 수저,0
유머 여고생 일진 빵셔틀 만화,0
유머 여기,0
유머 여동생 머리 오빠,0
유머 여동생 오빠,0
유머 여자 만화,0
유머 역대 급 운 도둑,0
유머 열도 간장 종지,0
유머 열도 만화 천조국 대통령 능욕,0
유머 열도 사채업 근황,0
유머 열정 교수,0
유머 영국 언론 촛불 집회 비판,0
유머 예상 가능 불가능,0
유머 오늘 러시아 평화,0
유머 오버 오버워치 워치 우리 팀 맥크리,0
유머 오빠 소개팅 동 생년,0
유머 오빠 이상,0
유머 오이 갤 사람 특징 15,0
유머 오이 갤러 클럽 때,0
유머 올해 2016 총정리,0
유머 요거 요거 요것,0
유머 요구르트 아줌마 진화,0
유머 우문현답,0
유머 웃짤 방,0
유머 원피스 장면 현실,0
유머 월세 불리 이유,0
유머 위기감 제작진,0
유머 유용 세계 각국,0
유머 유재석 도벽,0
유머 유준상 이유,0
유머 유쾌 계체량,0
유머 윤기 살,0
유머 응급 처지 견,0
유머 이 중 북한 근황,0
유머 이상,0
유머 일,0
유머 일러스트 모음,0
유머 일본 사기 행각,0
유머 일본 왜곡 토이 토이스토리 스토리,0
유머 일상 가능,0
유머 일진 엄마 장례식 후기,0
유머 입대 오이 갤러,0
유머 자국민 유저 생각 모바일 게임,0
유머 자급 자족 선방,0
유머 장기 만화,0
유머 저장소 팩트 폭력,0
유머 전생 이제,0
유머 정글 정글의법칙 법칙 유인영,0
유머 정세균 맨,1
유머 정우성 호흡 여배우,0
유머 제과계,0
유머 제주도 오해 해명글,0
유머 조선 시대 오덕,0
유머 좀비 여자애 메차쿠차 만화,0
유머 종교 하나 치느님,0
유머 좌우,0
유머 좌우지 장지 지지,0
유머 준비,0
유머 중국 견제 미국 계획,0
유머 지옥,0
유머 직접,0
유머 진정 바나나킥,0
유머 찌질이 여고생 최면 만화,0
유머 천조국 프로 레슬러 성 추행 논란,0
유머 첫날밤 느낌,0
유머 총검술 마스터,0
유머 총기 사고 아군 교전,0
유머 축구 게임 버그,0
유머 출동 오이 갤러,0
유머 충격 공포 세계,0
유머 취재 부탁 만화가,0
유머 치한 변태,0
유머 친구 냥이 여우,0
유머 클로저스 애니 장면,0
유머 키스 타임 1.89 움짤,0
유머 타이거 타이거우즈 우즈 광고주 사랑,0
유머 타이어 카메라 설치,0
유머 탄력,0
유머 탐라 배 동물 확대 범 대회,0
유머 탐정 코난 사건 추리 능력,0
유머 태양 숭배 고양이,0
유머 특이점 온 메탈 메탈슬러그 슬러그 망가,0
유머 특이점 온,0
유머 판 톡 분식집 강도 취급,0
유머 팩트 팩트 받아치기,0
유머 팩트 폭행,0
유머 페미니스트 곽정은,0
유머 페미니즘 이란,0
유머 펭귄 생태 관찰 펭귄 모양 카메,0
유머 포스 그대,0
유머 표정 관리,0
유머 퓨마 짝퉁 모음,0
유머 피곤,0
유머 하드 5만 만화,0
유머 합성,0
유머 해파리 98 수분,0
유머 햄버거,0
유머 햄스터,0
유머 헤밍웨이 내기,0
유머 헬조선 구현 문명 문명온라인 온라인,0
유머 현상금,0
유머 현실 무협 스토리,0
유머 현실판 남매,0
유머 현주엽 먹성,0
유머 호,0
유머 호랑이 곰 사자 우리,0
유머 회전 광선포,0
유머 회피 닭,0
유머 훈련병 눈물,0
유머 휴게소 저쪽,0
유머,0
유명인 유명인,0
유민 아빠 김영오 페이스북,1
유배 지름길,0
유병언 백골 발견,1
유병재 소원,0
유부남 육아 꿀팁,0
유산 임신,0
유세윤 레전드 3 행시,0
유승민 나경원,1
유승민 박근혜 이유,1
유승민 박근혜 평가,1
유승민 친박 당 우리,1
유승준 똥꼬 주영훈,0
유승준 옹호 주영훈,0
유승준 입국 거부 이유,0
유시민 감탄 김경진 의원 질의 전 3 확실시 이해,1
유시민 개헌 자리 보고 발,1
유시민 김경진 의원 칭찬,1
유시민 노회찬 의원 황교안 총리 동기 동창,1
유시민 레전드,1
유시민 문재인 안철수 광주 거부,1
유시민 오늘 밤 뉴스 룸 손석희 앵커,1
유시민 작가 정치,1
유시민,1
유은혜 교육 공무직 법안 아주 혼쭐,1
유은혜 의원,0
유인나 치킨 집 사장 파리,0
유일한 서드 파티 시그마 렌즈,0
유재석 매니저 유재석,0
유재석 서문 시장 화재 5천만 기부 매니저,0
유재석 소름 예언,0
유재석 운동 젖 소리,0
유재석 인성 시리즈,0
유튜브 한국 올해 최고 동영상 발표,0
유학 남자 여자 성공 비율,0
유행 구스 다운,0
유행 도네,0
유희왕,0
육각형 비밀,0
육관 도사 라고 기억,0
육류 해산물,0
윤리 완벽 사람,0
윤미 겨울 겨울이야기 이야기,0
윤서인 박사모 활동,1
윤선아 감방 펌,0
윤여준 문재인 중심 사람 이재명 준비 선동가,1
윤종신 실제 느낌,0
은근 거유,0
은지원,0
은퇴 3 차 김연아 최근 몸매,0
음란 땅,0
음란 마귀 테스트,0
음식,0
음식점,0
의리 김보성,0
의리 바보,0
의리 아이유 날 작곡가 이민수 결혼식,0
의문 이명박 1,1
의식 흐름,0
의외 게 고영태 청문회 느낌,1
의원 후원 계좌 일,1
의원실 역습,0
이 시장 거품,0
이 중 아들 상봉 금태섭 의원,1
이 중 유재석,0
이 중 황 교활,0
이건 설현 사진,0
이과 발렌타인 발렌타인데이 데이,0
이광수 전 후,0
이규연 이규연의스포트라이트 스포트라이트,0
이규현 스포트라이트 장난,0
이그 노벨상 수상,0
이나라 인터넷 역행,0
이니셜 이니셜d 현실판,0
이대 표 여기,0
이동진 평점 5 만점 영화,0
이랜드 몰 100 선착순 100 원딜 이벤트,0
이름 대학 해당 학교 학생,0
이마 냥이,0
이명박 부동산 80만 이상 23 조규모 압류 4 강,1
이명박 사람,1
이명박 일,1
이명박,1
이미지,0
이민호,0
이번 구매 치마,0
이번 국회 의원 번호 부결,1
이번 대선 유투브 스트리밍 이용 유세 허용,0
이번 대선 이명박 때 급,1
이번 대졸자 걱정,0
이번 인사 개편 공격 느낌,0
이번 주 금리 인상 랠리 시작,0
이번 주 목요일 헬게이트 오픈 예정,0
이번 주 토토 1 당첨 12억 인증,0
이번 주,0
이번 주말 이태원 밤 문화 소식,0
이번 청문회 이득 사람,1
이번 청문회 후 손혜원 의원 글 박영선 딜 어시스트 주갤 건,1
이번 탄핵 공로자 표창원,1
이번 탄핵 공신,1
이번 탄핵 일등 일등공신 공신,1
이번 포켓몬 애니,0
이분 대선 출마 적극 지지,0
이분 최소 30,0
이불 김신 지금 호상 데이터 주의,0
이비씨 2,0
이상 성애자,0
이상 아줌마 전화 번호,0
이상 호기 자발 세월호 희소식,0
이상 호기 자발 세월호 희소식,1
이상성 욕 농담 디시인,0
이상호 기자 115 소송,1
이상호 기자 국회 경비 못,1
이상호 기자 국회 의사당 중계 중 트러블 촬영 장비 파손,1
이상호 기자 국회 출입 카메라 파손,1
이상호 기자 트위터,1
이상호 기자 트윗,1
이상호 기자 페북,1
이상호 기자 페이스북 3 우군 눈,1
이상호 기자 페이스북,1
이상호 페북 다이빙 다이빙벨 벨 채널 연락,1
이석현 힐러 트윗,0
이성 끈,0
이성경 매력,0
이수경 성형,0
이수경 키 168,0
이슈 12 7 6 기준 탄핵 찬성 의원수 20,1
이슈 5 안 6 공짜 왕,0
이슈 8 현재 국회 의사당 정문 상황,1
이슈 808 베인 누님 몸매,0
이슈 가천대 이재명 논문 표절 입장 발표,1
이슈 각하 부결,0
이슈 각하 부결,1
이슈 개돼지 차일드 업데이트 예고 강도 예고,0
이슈 갤럭시 기어 워치 페이스,0
이슈 게임 관리 위원장 여명숙 논문,1
이슈 결과론 9 탄핵 베스트,1
이슈 고발 뉴스 촬영 거부,1
이슈 고영태 빅 빅픽쳐 픽쳐,1
이슈 고영태 빅 피쳐 보고,0
이슈 고영태 식당 밥,1
이슈 고영태 위증 죄 추가,1
이슈 공기 발전기 국내 업체 세계 최초 개발,0
이슈 과거 자신 패배 인물,0
이슈 곽정은 페미니스트,0
이슈 광화문 퇴근길 호외,0
이슈 구글 g메일 위엄,0
이슈 국민 국민의당 당 안철수 지지율 7,1
이슈 국민 사람 말씀,0
이슈 국회 앞 등장 탄핵 소녀상 경고,1
이슈 국회 의원 내기,1
이슈 그알 미스테리 장면,0
이슈 근라임 클라스,0
이슈 기자 처음,0
이슈 기적 공대 20만 근황,0
이슈 김기춘 망가,1
이슈 김기춘 청문회,1
이슈 김빙삼,1
이슈 김진태 내 때 요정,1
이슈 나라 포병 여단장 출신 보온병 포,0
이슈 남친,0
이슈 내 이재명 높이 평가,1
이슈 내 할복 촛불,0
이슈 내일 7 촛불 집회 최대 이벤트,1
이슈 년생 한국사 꿀팁,0
이슈 노무현 대통령 탄핵 소추 안 명한 사람,1
이슈 노무현 때 북한 돈,1
이슈 노무현 탄핵 때 박근혜,1
이슈 누나 전화,0
이슈 뉴스 룸 손석희 사장 주갤 지령 내림,1
이슈 뉴스 룸 주식 갤러리 손석희,1
이슈 뉴스 룸 최순실 태블릿,1
이슈 니 차례 이녀,0
이슈 단독 최순실 세월호 참사 당일 차움,1
이슈 닭 사모식 할복,1
이슈 대량 주문 돈,0
이슈 대선 준비 발 조선 조선일보 일보,1
이슈 더 민주 의원 세비 모아 이웃 빚,1
이슈 돈,0
이슈 루리웹 근황,1
이슈 리얼,0
이슈 망언 상 발암 주의,0
이슈 매너 손 관련 기타 사진,0
이슈 맹목 지지 맹목 지지,0
이슈 문재인 6 제안,1
이슈 문재인 대통령 이유,1
이슈 문재인 이재명 사람 진짜보,1
이슈 문재인 촛불 혁명 정치가 완성 합,1
이슈 문재인 트윗,1
이슈 미국 대선 관련 내사 결과,0
이슈 박 씨 탄핵 직후 비공개 전환,1
이슈 박 혜 피눈물 문재인 전 대표 트,1
이슈 박그네 탄핵 헌법 재판관 9 인물,1
이슈 박근혜 경제 지식 수준,1
이슈 박근혜 방금 간담회 참석 모습,1
이슈 박근혜 변기 사건,1
이슈 박근혜 사람 삥땅,1
이슈 박근혜 세월호 해경 해체 이유,1
이슈 박근혜 일가 재산 내역,1
이슈 박근혜 잘못,1
이슈 박근혜 지지 부산 해운대,1
이슈 박근혜 지지율 25 증가,1
이슈 박근혜 탄핵 때 광화 문서 집단 할복,1
이슈 박근혜 탄핵 사이트,1
이슈 박근혜 피눈물 말,1
이슈 박근혜 해외 순방,1
이슈 박사모 근황,1
이슈 박사모 능욕,1
이슈 박사모 돈 장면,1
이슈 박사모 배신,1
이슈 박사모 조롱 이과생,1
이슈 박사모 카페 근황,1
이슈 박사모 카페,1
이슈 박사모 탄핵 거짓말투성이 절대 인정,1
이슈 박사모 할복단 모집,1
이슈 박사모 활동 주갤러,1
이슈 박정희 흉상 훼손 자,1
이슈 박종철 고문 치사 사건 영화화,0
이슈 박지원 의원 표창원 의원 공,1
이슈 반기문 1 초 조기 귀국 결단 유력,1
이슈 반기문 귀국 신당 창당 박근혜,1
이슈 반기문 지지율,1
이슈 반기문 현상황 입장 표명 예상,1
이슈 발언 최순실 이해 감,1
이슈 방송 후 이승훈,0
이슈 번개 손혜원 의원,1
이슈 보배 보배드림 드림 뻘 우리 역,0
이슈 봉인 해제,0
이슈 분노 굴삭기 기사 국민 참여 재판,0
이슈 브로맨스,0
이슈 비교 체험 극 극,0
이슈 삼성 차이,0
이슈 새누리 구원 투수 이인제 대권 도전,1
이슈 새누리 대선 후보,1
이슈 새누리 대한민국 일상 복귀 촛불,1
이슈 서버,0
이슈 석희 주갤 평,1
이슈 성 추행 논란 박대성 최설화,0
이슈 세계 촛불 정국,0
이슈 세월호 누나,1
이슈 세월호 피해자 한분,1
이슈 세월호 화물칸,1
이슈 소름,0
이슈 소리,0
이슈 속보 안철수 투표 용지 유출,1
이슈 손,0
이슈 손모가지 날라 붕게,0
이슈 송영길 폭로 박근혜 변기 사건,1
이슈 수치 인간,0
이슈 시,0
이슈 시각 런닝맨 촬영 국회 의원,1
이슈 실검 이정현 장,1
이슈 실검,0
이슈 실시간 레바,0
이슈 실시간 이정현 의원실,1
이슈 실시간 파괴 왕,0
이슈 쌈자 신 예언,0
이슈 씨발,0
이슈 아랍인 독일 여성 테러 짤,0
이슈 아래 최순실 자금 흐름도 글 원본,1
이슈 안희정 충남 지사 페북,1
이슈 약 주갤,0
이슈 양반,0
이슈 엄마 내 대통령,0
이슈 여기자 박근혜 올림 머리,1
이슈 역풍 중국,0
이슈 연세대 학생회 위엄,0
이슈 오늘 감회 남,0
이슈 오늘 뉴스 룸 예고,0
이슈 오늘 사진,0
이슈 오늘 오늘같은날 날,0
이슈 오늘 자 장도리,1
이슈 오늘 탕수육 치킨 추천,0
이슈 온정 돈까스 도전 후기,0
이슈 용해,0
이슈 우병우 때,0
이슈 우병우 우병우 아들 부인 장모 4,1
이슈 우병우 패도,1
이슈 위기 북풍,0
이슈 유승민 의원,1
이슈 의문 피해 커뮤니티,0
이슈 의원,1
이슈 이명박 부동산 80만 이상 23 조규모,1
이슈 이번 탄핵 조금 시각,1
이슈 이번,0
이슈 이사태 공헌 인물,0
이슈 이상호 기자 페이스북,1
이슈 이시각 국회 앞,1
이슈 이시각 변희재,1
이슈 이시각 주호민 트위터,0
이슈 이재명 말,1
이슈 이정현 10 구매,1
이슈 이정현 국민 용서,1
이슈 이정현 순천 사무실 근황,1
이슈 이정현 의원,1
이슈 이정현,1
이슈 일당 값 배 우분,0
이슈 일본 우려 문재인,1
이슈 자폭 소식,0
이슈 장도리 12 12,1
이슈 전원책 말바 꾸지,0
이슈 전원책 이재명 디스,1
이슈 정권 언론 개혁,0
이슈 정진석 새누리 원내 대표직 사퇴,1
이슈 주갤 근황,0
이슈 주갤 박지원 평가,1
이슈 주갤,0
이슈 중 하나,0
이슈 중국 한국 불법 조업 이유,0
이슈 지져스,0
이슈 지지고,0
이슈 진정 보수 단체 모습,1
이슈 짤,0
이슈 청와대 민간인 종교 사찰,1
이슈 청와대 조리장 최순실 청와대 직원,1
이슈 초밥 뷔페 무개념,0
이슈 촛불 집회 극딜 윤서인,1
이슈 최설화 성 추행 논란,0
이슈 최순실 내 시녀 사람,1
이슈 추미애 오른손,1
이슈 친박 홍문종 뉴스 룸 요약 짤,1
이슈 친박계 혁신 통합 연합 13 출범,1
이슈 컴맹 최순실 기술 활용 교,1
이슈 콩이 모델 2,0
이슈 탄핵 가결 생각,1
이슈 탄핵 가결 순천 장 지질 파,1
이슈 탄핵 가결 예상 아이돌,0
이슈 탄핵 가결 예상 아이돌,1
이슈 탄핵 가결 직후 박사모,1
이슈 탄핵 가결 후 경찰 상황,1
이슈 탄핵 가결 후 치킨 집 근황,0
이슈 탄핵 베이비,1
이슈 탄핵 예언자,1
이슈 탄핵 이건 말,1
이슈 탄핵 축하주 1000,1
이슈 탄핵 탄핵,1
이슈 탄핵,1
이슈 탄핵안 최대 피해자,1
이슈 투표함 감독 거지 갑 의원,1
이슈 파괴 신,0
이슈 패기 기사 이미지,0
이슈 폭파 위기 덕수궁,0
이슈 표창원 의원 페이스북,1
이슈 푸틴 아베 개 선물 거절,0
이슈 피눈물 문재인 트윗,1
이슈 핀란드 한국 정치 정당 평가,1
이슈 한글 파괴 최고봉,0
이슈 핵 하구,0
이슈 헌재 재판관 탄핵 찬반 실명 공개,1
이슈 헬 조선 절대 선진국 투,0
이슈 현시각 던파 배충이,0
이슈 현재 박사모 카페 상황,1
이슈 현재 박사모 현황,1
이슈 현재 페북,0
이슈 현재 헌법 헌법재판소 재판소 상황,1
이슈 혐한 아프리카 아프리카tv 시상,0
이슈 형 내 손가락 좀,0
이슈,0
이승우 선수 해트 해트트릭 트릭,0
이승철 콘서트 촛불 광장 못 죄,0
이승철 콘서트 촛불 광장 못,0
이시각 눈물 박사모,1
이시각 문재인 페이스북,1
이시각 새누리 당사 앞,1
이시각 이정현 의원실 앞,1
이시각 파괴 왕 트윗,0
이완영 카톡,1
이유 사람 하나 관계,0
이유,0
이은형 강재준 웃찾사 커플 4 8 결혼,0
이인제 개굴 욕 선거,1
이인제 대권 도전,1
이인제 등판,0
이인제 생각 짤,1
이인제 트위터,1
이장우 개극 딜,1
이장우 애국자 코스프레,1
이장우 의원 유승민 김무성 디스 인간 이하 처신,1
이재명 가천대 발언 재학생 화,1
이재명 가천대 발언 학생 반발 이름 대학,1
이재명 가천대 이름 깐 이유,1
이재명 국민 단일화 비상 시국 사이다,1
이재명 국민 선호,1
이재명 근황,1
이재명 글,1
이재명 대학 비하 발언 사과문 페북 출처,1
이재명 머슴 연대 문재인 연대,1
이재명 문 내,1
이재명 문재인 구도 때,1
이재명 박원순 안희정 김부겸 팀,1
이재명 반문 연대 선언 박원순 안희정 김부겸 팀,1
이재명 발 핵사,1
이재명 사고 방식 독특 건,1
이재명 사과 해명 사과,0
이재명 성남 시장 글 이유,1
이재명 성남 시장,1
이재명 시장 가천대 대나무 숲,1
이재명 시장 곤란,1
이재명 시장 관련 가천 학생,1
이재명 시장 논문 표절,1
이재명 시장 막말 10,1
이재명 시장 사과 변명,1
이재명 시장 사과문 사족 버릇,1
이재명 시장 사실 중대 법대 법조계 완전 무족,1
이재명 시장 유감 안희정 페이스북,1
이재명 시장 음주 운전 해명 때 사족 펌,1
이재명 시장 이해,1
이재명 시장 지지자 생각 공격,1
이재명 시장 페이스북,1
이재명 안희정 언급 좀 무리수,1
이재명 언어 계산 성공 샌더스,1
이재명 왼쪽,1
이재명 위엄,1
이재명 이름 대학 발언 진심 사과,1
이재명 이번 문재인 발언 100 잘못,1
이재명 이번 사과문 해명 구차,1
이재명 이유,1
이재명 입 입,1
이재명 전과 관련 해명,1
이재명 표절,1
이재명 향후 정국 시나리오,1
이재명 형수 욕설 호감,1
이재명 황교안,1
이재용 손연재 찌라시,0
이재용,0
이재정 의원 후원 인증,1
이재정 의원 후원금,1
이정재 우상호,0
이정현 근황 2,1
이정현 근황,0
이정현 근황,1
이정현 꼬라지 순천 사람,1
이정현 대표 장점,1
이정현 대표,1
이정현 두꺼비 의원실 앞 실시간,1
이정현 문성근,1
이정현 문재인 탄핵 후 절반 정도 대통령 착각,1
이정현 사퇴,1
이정현 새누리당 대표 장류 셋트 구매 전송 완료,1
이정현 새누리당 대표,1
이정현 안 내,1
이정현 용서,1
이정현 의원 존중,1
이정현 의원실 상황,1
이정현 장 현실화 임박,1
이정현 전라도 사람 욕 생각,1
이정현 전화 복구,1
이정현 조원진 이장우 서청원 최경환 홍문종 윤상현 김진태 당,1
이정현 친박 8 가소,1
이정현 탄핵 결과 장 발언,1
이정현 탄핵 국민 송구 결과 속보,1
이정현 투표 용지 유출,1
이정현 행복 장 지지 모습,1
이정현 혐오,1
이정희 여인,1
이정희 이경규,0
이제 선진 문물,0
이제 정치 한류,0
이제 차기 대선 후보 비판 글 비공,0
이제 충무기 후기,0
이준석 대체 2 동안 박근혜 얘기,1
이준석 박근혜 키즈,1
이철희 국회 썰전 때,1
이케아 닭다리 만화 닭다리,0
이케아 천재,0
이해,0
이해찬 의원 페북,1
이해찬 의원 페이스북,1
이해찬 의원 후원 안내 사진,0
이해찬 의원 후원,1
이형은 드라마 화보,0
이혼 고민,0
이황 이문열,0
익스트림 잠입,0
인 서울 사과대 친구 자대 대학원 교수 목표,0
인가 퇴근길 제니 고화질 직찍 리사 닷컴,0
인간 개 쓰레기 새끼,0
인공 암벽 고양이 라라,0
인공 인공지능 지능 장난감,0
인디아나 인디아나존스 존스,0
인생 역전 황교안,1
인실좆,0
인정,0
인증 난사 관리자,0
인증 일면 사실,0
인증,0
인천 곰탕 집 출입 금지자 명단,0
인천 위엄,0
인터넷 벌크 이어폰 짭,0
인터넷 짤방 조작,0
인터넷 팝업 광고창 처음 장본인,0
인터메조 라 브랜드 위치 정도,0
인터파크 사상 최대 과징금 불복 움직임,0
인텔 대란,0
인텔 확장 악세사리,0
인형 뽑기 가게,0
인형,0
인형극 달인,0
일 사람,0
일 새벽 박근혜 보고,1
일,0
일드 최고 백수,0
일면 단발 단발머리 머리 시스루,0
일면 이정희 글 사람 노무현 일대기,1
일면 이정희 글 토,1
일면,0
일반인 여자 섹스 불 패너 존재,0
일밤 몰카 홍은희,0
일밤 재미,0
일밤,0
일베 디도스 공격,0
일베 전효성 인스타,0
일베 폭식 투쟁 김기춘 지령,1
일본 1500만 이상 관객 동원 7 영화,0
일본 경소설 근황,0
일본 관광 쇼핑 품목,0
일본 관심 트럼프 캠프 인물,0
일본 구름,0
일본 구축 전차 호니 완성,0
일본 극혐 문재인,1
일본 남자 배우 결혼 결혼조건 조건,0
일본 내 활동가 오선화 문재인 대통령 선택 한국,1
일본 때,0
일본 롤 케이크,0
일본 롤 폭망,0
일본 만두 가게,0
일본 모델,0
일본 문재인 대통령 우려 이유,1
일본 문재인 대통령 우려,1
일본 문재인 반대 이유,1
일본 문재인 이유,1
일본 방송 고영태 질문,0
일본 방송 문재인 보도,1
일본 방송 박사모,1
일본 병맛 광고 모음,0
일본 부동산 폭락 기업 원인,0
일본 불상 100 목 범인 한국인 체포,0
일본 성 문화,0
일본 셀카,0
일본 수도권 전철 노선도,0
일본 신작,0
일본 아이유 이유,0
일본 언론 메인,0
일본 언론 문재인,1
일본 여고생 미스 콘테스트,0
일본 여행 중 곳,0
일본 왜곡 토이 토이스토리 스토리,0
일본 우려 문재인,1
일본 이상 곳 뽕 군,0
일본 일반 가정 저녁 저녁식사 식사 도쿄 출장 식사,0
일본 자국민 비상 재난 확인,0
일본 전쟁 드라마 전투신,0
일본 체형 구름,0
일본 토이 토이스토리 스토리 장난감,0
일본 토이 토이스토리 스토리,0
일본 트와이스 멤버 인기 순위,0
일본 트위터 이상 여친 이상 남친,0
일본 한국 게임 미소녀 대결,0
일본 한국 게임 미소녀 차이,0
일본 헬스 클럽,0
일본 현실,0
일본 회전 초밥,0
일본인 발음 디스 만화,0
일본인 방정환 평가,0
일본인,0
일상 생활 불가능 놈 주인공 게임,0
일요일 저녁 야짤,0
임 행진곡 60만 떼창 감동 2016.12.10 광화문 촛불 집회,1
임 행진곡 국가 지정 찬성,0
임윤선 박근혜,1
임테기,0
입 국격,0
입,0
입가 립글 루즈,0
입사 얼마 회사 2만 지각 이득 손해 의견,0
잉글리쉬 롭이어 토끼,0
잉어킹 후방,0
잎사귀 귤,0
자게 꼰대 사이트,0
자기 여친 와이프 혼욕탕,0
자동차 사고 질문,0
자동차 정기 점검 룩,0
자동화 이유,0
자료 셔틀,0
자본주의 키스,0
자세 때 체위,0
자식 인간 카바,0
자식,0
자신 경멸,0
자연산 도미,0
자영업,0
자위 이유,0
자전거 물,0
자제 주갤럼,0
자존심 손혜원 의원,1
자중 주갤러,0
자취 요리 만만 볶음밥 초마 짬뽕,0
자취남 동파육,0
자취생 까르보나라,0
자취생 밥상,0
자취생 혼밥 혼술,0
자취생 혼술,0
자판기 진실,0
작년 탈선 동생,0
작용 추력 드라이브 엔진 뉴턴 3 법칙,0
작품 눈 배우,0
잔인 팽귄,0
잠수 대결 오이 갤러,0
잡담 만약 돈 렌즈,0
장,0
장관 동생 억울,0
장관 동생 억울,1
장기하 성 추행 곽정은 여자 여자 대통령,0
장난 7,0
장난 끝,0
장도리 12 12,1
장도리 2016 12 12,1
장도리 화백 신간 도서,1
장도리 화백 신간,1
장모 박근혜 탄핵 폭발,1
장문 경찰서 중이,0
장범준 이번 앨범,0
장범준 이번 앨범,0
장사 타이밍,0
장수 120 동안 정절 할아버지,0
장시호 안민석 의원 변명,1
장우혁 인스타그램,0
장인 장모 5 정치 예기,0
재미 전문대 순위,0
재벌 청문회 짤,1
재수 고양이 새끼,0
재수 김진태 현황,1
재탕 여자 처음 고양이,0
저가 사운드 사운드카드 카드,0
저가 코스프레,0
저녁 저녁식사 식사 삼촌,0
저녁,0
저도 대란 55 설치,0
저도 삼촌 가리안,0
저도 이재명 시장 호감 잘못 잘못,1
저도 주말 골,0
저도 책상 인증,0
저도 추미애,1
저번 남편 플스 사람,0
저번 주 주말 불펜 정모 사진,0
저번 주말 삼성 티비 대란 기념,0
저평가 현대 현대차 차,0
적반하장,0
전 개인 문재인 칼,1
전 교회 목사 친자 검사 관련 뉴스,0
전 국회 의사당 앞 노회찬 의원,1
전 메모 드립 초등 학생 말이,0
전 뷔페 아저씨,0
전 소식,0
전 여자 여자친구 친구 연락,0
전 여친 강제 여장 썰,0
전 여친,0
전 우병우 고영태 더 패고,1
전 인천 시 인천시 장인 송영길 의원 박근혜 관련 충격 에피소드,1
전 조윤선,1
전 차마 몸캠 유출 피해자 자업자득,0
전국 뺑소니범 우리,0
전군 대비 태세 점검,0
전기 장판 사용 법,0
전기 차 수소차,0
전대 후문,0
전두환 시절 최고 실세,1
전문 대통령 국무 위원 간담회 발언,1
전문 대통령 부덕 불찰 국가 혼란 송구,1
전문 민주당 추미애 대표 기자 간담회 모두 발언,1
전북 망,0
전설 건담 프라 모델,0
전설 레전드,0
전설 면접,0
전설 블소 째원,0
전설 자막 제작,0
전설 정치인,0
전설 호날두 싸인,0
전설,0
전소미 포지션 애매,0
전여옥 레전드,0
전여옥 레전드,1
전여옥 예능 진출,0
전여옥 예능 진출,1
전우용 역사학자 트윗 방금 카톡 재미 문자,1
전우용 역사학자 트윗,1
전우용 외계인 침공 때 일본 손,1
전원책 국회 의원 나경원 표차 당선 자리,1
전원책 국회 의원,1
전원책 대선 토론 박근혜 후보 토론,1
전원책 대타 추천,1
전원책 대타,0
전원책 말이,0
전원책 문재인 대통령감 생각,1
전원책 박 대통령 국무 회의 영상 측은지심,1
전원책 촛불 집회 참석 자수 언론 반성 라네,1
전자 구매 비용 10 캐시백 이벤트,0
전자 담배 사람 일침,0
전쟁 게임,0
전쟁 서막,0
전쟁 피아 식별,0
전쟁터 구걸,0
전직 청와대 조리장 박근혜 대통령,1
전현무 흑화,0
전화 치킨 당첨 은근,0
전화 치킨 이벤트 당첨,0
전효성 근황,0
점 8만 8천,0
점 정리,0
점,0
점수,0
점심 떡볶이,0
정관 수술 효과,0
정당 지지율 여론 조사,1
정도 문재인 대표,1
정도 여자 대시,0
정도 자랑,0
정도,0
정동영 대선 출마 환영,1
정동영 의원 대선 출마 저울질,1
정두언 본색,1
정몽준 리즈 시절,1
정봉주 전국구 오늘 방송 세월호 7,1
정봉주 전의원 사면 불가 이유,0
정부 기관 통합 로고,1
정부 기밀 문서,0
정부 로또 온라인 구매 허용 추진,0
정부 사람,0
정상 단발 단발머리 머리,0
정상인 이상,0
정세균 맨,1
정세균 의장 2004 2016,0
정세균 의장 2004 2016,1
정세균 의장 루피,1
정세균 탄핵 때,1
정수기 물 침전물,0
정신 못 조원진,1
정신 빈 밥그릇 선명,0
정신 승리,0
정신 친박,0
정신 피해 상황,0
정우성 점,0
정우성 호흡 여배우,0
정운호 나비 나비효과 효과 탄핵 간략 요약,1
정원 알밥 분탕질 시작,0
정원 인증,0
정원,0
정유라 관련 기사 하나,1
정유라 행복,1
정의당 메갈당 반대 난무,1
정전,0
정진석 20 국회 최고 활약,1
정청래 저도 100만,1
정치 국회 찌라시,0
정치 노영민 문재인 진다 이재명 대선 후보 생각,1
정치 문재인 대통령 박지원,1
정치 시각 민주당 의원,1
정치 안희정 말 이재명 말,1
정치 애국 박사모 근황,1
정치 이재명 가천대 논문 유효,1
정치 이재명 국민 단일화 비상 시국 사이다,1
정치 이재명 지지율 정권 교체,1
정치 정장 핏 181 75,0
정치 카톡 더 민주 내부 정보,1
정치 탄핵 유독 국회 의원,1
정치,1
정치계 어벤져스,1
정치부 회의 소라 누님 주갤 존칭,0
정치부 회의,0
정치우 병우 현상금 1300만,1
정치인 부인중 장제원 부인,1
정치인 사적,0
정치인 아들 혼혈 군대,1
정현아,0
정현아,1
정현이 우리 정현이 아포,1
정호성 녹음 파일 박상병 녹음 파일 공개,1
정호성 녹음 파일,1
정호성 전화 2 음성 파일 236 복구,1
정호성 전화기 근황,1
정호성 핸드폰,1
정화 짤 2,0
제로백 공개,0
제목 수정 일본 문재인 이유,1
제안 때 야당 추천 총리,1
제왕 대통령제 운운 개헌 자,1
제외 종편 문재인 폭격,1
제정신,0
제주,0
제주도 못가 신랑,0
제주도 은갈치,0
제주도 질문 이사진 제주 호텔,0
제주도 집값,0
제품 로드쇼 5 모델 성숙미 100 2 9,0
젝키 아재 관리,0
조개 진주,0
조경태 의원 탄핵 입장 유보,1
조대환 민정 수석,1
조대환 신임 민정 수석 클라스,1
조동혁 드림캐쳐 데뷔곡 뮤직 뮤직비디오 비디오 남자 주인공 출연,0
조루,0
조별 과제 개념 녀,0
조별 과제 개념녀,0
조별 과제 메르시,0
조별 과제 최고 개념녀,0
조선 경이 무기 신기전,0
조선 선택,0
조선 시대 상평통보 인가,0
조선 시대 의외 전통,0
조선 시대 장애인 정책,0
조선 탄핵 부결 시 문재인 책임론 제기,1
조선 통신사 기록 250 전 일본,0
조선,0
조심 동네 아지매,0
조유진,0
조윤선 경력 정부,1
조응천 박근혜 부역자,1
조응천 박영수 특검 증언 요청 최선 협조,1
조응천 의원 강력 트윗,1
조응천 의원 단톡 방 메세지,1
조응천 의원 트윗,1
조응천 의원 페북 후원금,1
조응천 의원 페북,1
조응천 의원 후원금 마감,1
조카 경대 졸업,0
조폐 공사 생산직 3 교대 주 5,0
조훈현 의원 외통수,1
조훈현 의원 탄핵 찬성,1
조훈현 인간 친박 선언,1
족제비 쉬바,0
존경 선배 동료 의원 부분 중요,0
존경 애청자 빅 재미 선사,0
존경 직업,0
졸귀,0
졸피뎀 수면제 경험담 2,0
좀 뉴스,0
좀 도전,0
종갓집 며느리 서양녀,0
종갓집 시집 온 캐나다 여자,0
종갓집 시집 온 캐나다 처자,0
종이 컵 아트,0
종편 자막 레전드,0
죠죠 손자 아내,0
죠죠 전 요약,0
주 성 12 인 유 모아,0
주갤 1,0
주갤 2 목표 설정,0
주갤 개미,0
주갤 근황,0
주갤 긴장 커뮤니티,0
주갤 뉴스 룸 보도,1
주갤 대문 역사,0
주갤 매일 매일 능욕,0
주갤 명언 모음,0
주갤 명언,0
주갤 박영선 의원 인증 글 추천 9000,1
주갤 발 우병우 인상착의,1
주갤 보배 보배드림 드림,0
주갤 보배 형님,0
주갤 석희 은신처 제보 숙제 착수 시작,1
주갤 성님,0
주갤 수사,0
주갤 수사대 상황,0
주갤 수사대 상황,1
주갤 수사대 우병우 추적 시작,1
주갤 안철수 투표 용지,1
주갤 역사 연기군 외인,0
주갤 오유 멀쩡 할리,0
주갤 우병우 수사대 현황,1
주갤 위엄,0
주갤 일베 공습 시작,0
주갤 자부심 그린 주갤 만화,0
주갤 제보,0
주갤 종군 기자 보고 단체 멘붕 온 박사모 단톡 방 현황 보도,1
주갤 주갤 럭시 7,0
주갤 주갤럼 우병우,1
주갤 지령,0
주갤 진짜,0
주갤 천막 당사,1
주갤 추적자,0
주갤 펌 누나 남친 남친,0
주갤 펌 박사모 범죄 모의,1
주갤 펌 보배 보배드림 드림 의문 1,0
주갤 펌 상상 초월 청와대,1
주갤 펌 석희 주갤 보배,1
주갤 펌 안희정 시발,1
주갤 펌 오유 광신도 레전드,0
주갤 펌 현재 뉴스 룸 본 박사모 일베충 어버이 연합 상황,1
주갤 펌,0
주갤 폭파,0
주갤 하나 터치,0
주갤 현재 상황,0
주갤 현황,0
주갤 혐오 사진,0
주갤 혼돈 도가니,0
주갤,0
주갤러 고영태 팬 카페 발견,0
주갤러 손석희 사장 명,1
주갤러 우병우 추적 활동,1
주갤러 전화 인터뷰,0
주갤러 폭파 직전,0
주갤러,0
주갤럼 11 차 주갤 주식 이야기 가장 마지막 사건,0
주갤럼 개,1
주갤럼 닭,0
주갤럼 영향,0
주갤럼 의문 주식 왕,0
주갤럼 잠입 박사모 단톡,1
주갤럼 제작 우병우 현상 현상수배 수배,1
주갤럼 팩 폭당함,0
주갤럼 현상 현상수배 수배,0
주갤럼,0
주갤폄 혜 상상 초월,0
주결경 때 특징,0
주결경 앞 머리 비주얼 변화,0
주관 잣대 위험성,0
주님 악마 우리,0
주말 광화문 집회 포스터,0
주말 먹방,0
주말 밖,0
주말 산악회 나이 상관 조공,0
주말 윤태진,0
주말 중국집 밥 이야기,0
주말 친박 아버지 대화,0
주모 여기 사케 한병,0
주모 여기 탄핵 주,1
주문 성진국 크리스마스 특선 애니,0
주문,0
주민 등록 나이 실제 나이,0
주민호 트위터,0
주번나 개인 방송 여캠 게스트,0
주번나 결혼 모습,0
주번나 구매 후기,0
주번나 망사 스타킹,0
주번나 몸매,0
주번나 성 교육 시간,0
주번나 시간,0
주번나 태국 여행 질문,0
주번나,0
주변 삼성 55 50만,0
주상 복합,0
주식 갤러리 비하인드 뉴스 출연 영상,0
주식 갤러리 하루 우병우 전화 번호 차량,1
주식 게 사람,0
주식 말 주갤 댓글,0
주식 바른손,0
주영훈 무리수 예전 방송,0
주영훈 스티븐 유 옹호 발언,0
주의 가슴 안 막 손 남자,0
주의 내 새끼 내 새끼 주갤 펌,0
주의 바나나 방치,0
주의 소름 짤 하나,0
주인 프런지 백,0
주진우 기자 페북 고3 학생 박근혜 대통령 성적 표 발표,1
주진우 기자 페북 조윤선 장관 돈 기억,1
주진우 기자 페북 최경환 의원 롯데 50억,1
주진우 기자 페북,1
주진우 기자 페이스북,1
주진우 본격 최순실 국방 로비 건 푸네,1
주진우 조윤선 감옥,1
주진우 최순실 록히드 마틴 직접 70조 사업 성사,1
주차 차,0
주차 참 교육 시전 3,0
주택 아파트 습도 차이,0
주토피아 500 퍼즐 완료,0
주한 미군 장성 국군 평가,0
주행 완료 후 팩트,0
주호민 작가 실시간 트윗,0
주호민 작가 트윗,0
주호민 트윗,0
주호민 트윗,1
중 고딩 나라 사기,0
중고 거래 10 이야기,0
중고 구매 완료,0
중고 로우 평화 나라,0
중고 중고나라 나라 거래 후기,0
중고 중고나라 나라 반품 요청,0
중고 중고나라 나라 사기,0
중국 개 영국,0
중국 견제 미국 빅 플랜,0
중국 국적,0
중국 나라 불법 조업 이유,0
중국 무력 대만 수복 가능성,0
중국 미사일 무기 중 항공 모함 정도 위력 미사일 둥펑,0
중국 사용 후기,0
중국 술 인기 급증 양꼬치 양갈비 덕분,0
중국 안경녀,0
중국 어선 다큐,0
중국 어선 한국 불법 조업 이유,0
중국 영국 유럽 힘 소국,0
중국 주문 싸구려 안경,0
중국 지방 역 풍경,0
중국 짝퉁 레고 퀄리티,0
중국 한국 상황,0
중국인 한국 고기,0
중국인 한국 불법 조업 이유,0
중국집 배달부 눈물,0
중국집 배달원 눈물,0
중소 기업 65 70만,0
중쇄 일드 인 생작,0
중앙 김제동 동참 온라인 시민 의회 닷새 무산,1
중앙 중앙일보 일보 이정현 극딜,1
중학교 동네 극장 콘돔,0
쥬라기 쥬라기월드 월드 요약 망가,0
지갑,0
지금 대선 기간,0
지금 맥북 인가,0
지금 분탕 비단 오유,0
지금 상황 짤,0
지금 역대 급 사진,0
지금 우병우,1
지금 조승우 3 연타,0
지금,0
지니어스,0
지도 모름 박사모,1
지드래곤 빅뱅 컴백 기념 완전체 사진 공개,0
지리학 일본,0
지메일 종북,0
지방대 출신 정치인 약간 실망감,0
지상파 3 이영화 방영,0
지수 퇴근길 고화질,0
지스타 레이싱 모델 김보라 9,0
지식 그림 구걸,0
지식 남녀 평등 입대,0
지식 남친 길이,0
지식 보이 일베,0
지식 여친 크기,0
지식 우리 노무현 친일파 청산 작업,1
지식 택시 물건 때 팁,0
지식 폴란드 볼 영토 방법,0
지역 감정 이유,0
지옥 현실 망가,0
지옥,0
지인 혼파 망,0
지진,0
지창욱 성형,0
지하철,0
직무 정지 월급 지급,0
직무 정지,0
직업 노력,0
직원 만류,0
직장 옷 메이커,0
직찍 결혼,0
직찍 이정현 의원실 앞 현재 상황,1
진격 진격의거인 거인 윤곽 스포,0
진보 분열,0
진정 여행,0
진정 주갤럼,0
진주 박대출 의원 탄핵,1
진지 사실 무료 음원,0
진짜 진짜사나이 사나이 리얼 버라이어티 인 이유,0
진짜 치삼,0
질문 공무원 공부,0
질의 증거 영상 보고 김기춘,1
짐볼,0
짐승 시소코,0
집 간호사,0
집 다개,0
집 도둑,0
집 시대 유물 발견,0
집 아깽이,0
집 앞 혜자 칼국수 집 가격 표,0
집 탕수육,0
집 햄찌 6 핸들링,0
집,0
집사 흙,0
집사,0
집중 박근혜 탄핵 부결 기사 삭제,1
집회 참가자,0
집회 참여 강인,0
집회 친구,0
짓 거리 이해 만화 책 표지 1,0
짓 구속 전과자,0
짠내 아이콘,0
짤 메이킹,0
짤,0
짤방 공중파 5 폐지 예능,0
짤방 미성년자 주식 부자 순위,0
짤방 사진,0
짱 우리 집단 톡방,0
쪽지,0
쯔위,0
찌라시 특검,1
차 16000 운행기,0
차 3 5 접촉 사고,0
차 구입 6,0
차 때,0
차,0
차가 700만 사실 의향,0
차기 대선,0
차바,0
차벽 집 못가 시민,0
차비,0
차세대 무기,0
차종 아시나요,0
착시 사진,0
찬물 감동 시작,0
찬성 234 소름 이유,0
찬성 234 헌재 압박 작용,0
찬성 아무 생각,0
참 복 여자,0
참,0
참께 라면 때 대참사,0
참젖,0
참치 1 5만 특 스페셜 눈탱이,0
창원 직장 선배 참,0
창의 판사,0
채널 채널a 단독 김기춘 청문회 울분,1
채널 채널a 박근혜 보좌관 문제 만요,1
채널 채널a 청와대 조리장 단독 인터뷰 보도 사실,1
채널 채널a 특종,0
채수빈 매너 손하 박보검,0
책상 인증,0
책장 굿,0
챔스 16 조 추첨 결과,0
처가 장인 어른 땜,0
처음 게임 때 충격,0
처음 시배목 극장 상황 요약,0
처음 차 기능,0
천사 판매자,0
천안 강남 28,0
천조국 백형 일침,0
천조국 차세대 무기,0
철벽 정인영 아나,0
철벽 정인영 아나,0
철수 알약,0
철수 알약,1
청문회 구라 방법,1
청문회 스타 여명숙 누나 몸 상태,1
청문회 스타 여명숙 프로필,1
청문회 안민석 의원 삼성 이재용 부회장,1
청문회 여명숙 단장 증언 치명,1
청문회 장시호,1
청문회 즐감 방법,1
청바지,0
청순 조이 팜므 팜므파탈 파탈 레드,0
청와대 미용사 계약서 입수,0
청와대 박주민 의원 사찰,1
청와대 자살 폭탄 돌격대 인증 논란,1
청와대 조리장 피셜 박근혜 평일 관저 보고 창가 창밖 풍경,1
청와대 침투 대통령 납치 훈련 공개 의도,1
청춘 남하늘 1 옷,0
체리필터 조유진 수술,0
체형 사람,0
첼시 우승 가능성,0
초 고성능 노트북,0
초4 딸래미 도시락,0
초등 교사 지적 장애 여중생 성 매매 직위 해제,0
초등 초등학교 학교 때 전화비 200만 썰,0
초등 학생 연호 국회 출발 전봉준 투쟁단 트랙터 시위,1
초등 학생 조카 술,0
초딩 고양이,0
초딩 때 도서관 자 1 썰,0
초밥 뷔페 논란 진상,0
초밥 뷔페 레전드 손님,0
초밥 뷔페 바퀴벌레,0
초밥 뷔페 진상 손님 논란,0
초밥 뷔페 진상,0
초코렛 3만 사서 간식 통,0
촛불 농락,0
촛불 시위 시민 주권 회의 준비위 발족 짓,0
촛불 여고생 표준,0
촛불 집회 10 특파원 감동 이유 영상,1
촛불 집회 때 이석기 석방 팻말 사람 극혐,1
촛불 집회 때 핫팩 이야기,0
촛불 집회 술병 모양 앱솔루트 앱솔루트보드카 보드카 광고 논란,0
촛불 집회 영상중 최고 퀄리티,0
촛불 집회 참가자,0
총 여자 여자친구 친구,0
총,0
총수 초등 초등학교 학교 1,0
총출 동령 하달,0
최경락 경위 명예 회복 서명 운동 참여 감사 인사,1
최경환 단통법 발의 자,1
최경환 박근혜 지도자 탄핵 용납,1
최경환 의원 탄핵,1
최고 간지 로봇 기억 블랙 옥스,0
최고 메카닉,0
최고 점술사,0
최고,0
최고령 배우 할배 인터뷰,0
최고령 할배 인터뷰,0
최근 가인 느낌 박기영,0
최근 감자 칩 얘 갑,0
최근 김우빈 수지 단체 사진,0
최근 느낌 도희 검정 스타킹,0
최근 박근혜 대통령 문재인 인식,1
최근 사람 김소혜,0
최근 자존심 최순실,1
최근 졸업 학교,0
최근 하스 스톤 확장팩,0
최두호 경기 후 인스타,0
최두호 스완슨 주요 장면 움짤 데이터 주의,0
최두호 자기 스타일,0
최두호 해외 반응,0
최설화 건,0
최설화 남자 허리 감 정도,0
최설화 성 추행 논란 박대성 로드 로드fc 상벌 위원회 회부,0
최설화 심정,0
최순득 김치회 일본 반응 영상,1
최순실 감방 노란색,1
최순실 게이트 피해자 가족,1
최순실 고영태 침대 상상,1
최순실 공항 장애 조카 하열 가족 맞춤법 빈축,1
최순실 공항 장애 조카 하열 가족,1
최순실 관계 순실,1
최순실 내 시녀 사람 억울,1
최순실 부인 태블릿 위치 정보 독일,1
최순실 사건 발단 지금 과정 펌,1
최순실 세월호 참사 당일 차움 운동,1
최순실 시녀 사람,1
최순실 유럽 순방 수석회 지시 메시지,1
최순실 이해,1
최순실 인격 모욕,1
최순실 차움 진상 랭킹 2,1
최순실 청와대 매주 스키야키 음식,1
최순실 태블릿 루머 팩트 체크,1
최순실 폭로 청와대 조리장 인터뷰 후 행방 묘연,1
최신 게임 풀옵 가성비 견적,0
최종 탈락,0
최태성 트윗,0
최홍만 오지 마 오지마킥 시범,0
추미애 3 분립 무정부 상태,1
추미애 국정 교과서 위안부 협상 중단 요청 속보,1
추미애 김무성 회동 중요 회담,1
추미애 더 민주당 대표 기자 회견,1
추미애 때 미모 수 지급,1
추미애 민주당 대표 국정 교과서 위안부 협상 중단 요청 속보,1
추미애 본관,1
추미애 브리핑 내용 요약 펌,1
추미애 시절 판사 시절,1
추미애 역사 의원,1
추미애 오른손,1
추미애 이정현,1
추미애 장 지질 시간,1
추미애 판사 시절,0
추미애 표결 후 이정현 방문,1
추미애,1
추진 왕 황영철,1
축구 게임 존 재미,0
축구 선수 유럽 생활 후유증,0
축구 애니메이션,0
축구 오심 레전드,0
충격 공포 메가박스 남원,0
충격 국회 개헌 특위,0
충격 성 폭행 용의자 발언,0
충격 예열 진실,0
충격 한의학 진실,0
충격 흡수 코팅 수박 45 높이,0
충남 아산 전라도 광주,0
충무기 대회 준비 냉면 보노보노,0
취미 드라이브 분,0
취준 2 홈쇼핑 취업,0
취향 빙고,0
치과 근무 치위생사,0
치과 치과의사 의사 거짓말,0
치킨 당첨,0
치킨 때 이해 갑,0
치킨 배 뚜드리 여자 아이돌,0
치킨 이유,0
치킨,0
치한 정의 구현 만화,0
친구 4,0
친구 변호사,0
친구 새끼,0
친구 오유,0
친구 책,0
친구 홈 화면,0
친구,0
친박 50 심야 회동 모임 결성 김무성 유승민 결별 선언,1
친박 공개 친박 리스트,1
친박 끝 항전 선언,1
친박 대규모 심야 회동 비박 결별 선언 새누리,1
친박 박대출 탄핵,1
친박 비박 난리,1
친박 지도부 비박 김무성 유승민 출당 검토,1
친박 친박 주도 비대위 결정 이인제 김태호 위원장 거론,1
친박 폐족 저리 이유,0
친박계 50 심야 회동 결과,1
친시 청류 뉴스 룸 취재 과정 공개 강수 시청률 폭발 10.7,0
친절 복,0
침대 바닥 처자,0
침투 성공,0
칫솔,0
카드사 문의 정리,0
카메라 바디 전핀 렌즈 미러리스 사용 시,0
카메라 웍,0
카메라 유명,0
카메라 자주 기변,0
카메라맨 취향,0
카메라맨,0
카톡 더 민주 내부 정보,0
카톡 더 민주 내부 정보,1
카피바라 목장 겨울 풍경,0
칸나 컵 누들,0
캐나다 15 안 석탄 화력 발전,0
캐논동,0
캡처,0
캣 타워 못 미안,0
캥거루 점프력,0
캥거루 펀치 짤 뒷 이야기,0
커뮤니티 유저 클리앙 평가,0
커플 목격 외국인,0
커플 체온,0
커플,0
커피숍,0
컨셉 신경,0
컬러 렌즈,0
컬쳐 쇼크 예열 후열,0
컴공 만화 16 1,0
컴맹 최순실 기술 활용 교육 법 특허,1
컴퓨터 80,0
컴퓨터 게임,0
컴퓨터 여자,0
컴퓨터 일,0
케냐 나이로비 뉴스,0
케이팝 케이팝스타 스타 김소희 친구,0
케이팝 케이팝스타 스타 유지니 노래,0
케이팝 태연 노래,0
켄타우로스 가족,0
코너링 천재 우병우 아들 얼굴,1
코닥 1,0
코딱지 이제 어른 위로 감동 영만 쌤,0
코레일,0
코스트코 가격,0
코스트코 어머 이건,0
코스프레 레전드,0
코스프레,0
코오롱 고어텍스 자켓,0
코인 노래방 여고딩,0
코코 아상 아침,0
콘돔 날,0
콜드플레이 추가 공연 확정,0
콧구멍 하악하악,0
쿄 애니 봉인 능력,0
크루셜 525 일마존 12300,0
크루즈 게,0
크리스마스 날 압도 판매량 1,0
크리스마스 크리스마스트리 트리 시체,0
크리스마스 트리 시체 글 기억,0
클라스 연세대 시위,0
클라우드 펀딩 현주소,0
클럽 인기 글,0
클레이 저승,0
클로 쟈스 니 1 작붕,0
클로저스 신캐 예상도,0
클로저스 애니 수준,0
클로저스 애니메이션 갓 애니인,0
클로저스 애니메이션,0
클리앙 고백 쪽지,0
클리앙 대표 메모 드립,0
클리앙 싸이트,0
클리앙 영화,0
클리앙 촛불 시위,0
키 속인 여자 연예인,0
키스 연습 상대,0
키슬링 한골 17억,0
킹덤 요번화 스포,0
킹스맨 우산,0
타이 마사지 오해,0
타이 커스 예언,0
타일러 아메리칸 아메리칸드림 드림,0
타임지 선정 영향력 캐릭터,0
탄핵 234 축하,1
탄핵 가결 경북 시민 존중 기각 임기 반응,1
탄핵 가결 기념 소주,1
탄핵 가결 기념 타이탄 타이탄폴 폴 2,1
탄핵 가결 기념,1
탄핵 가결 눈물 세월호 유가족,1
탄핵 가결 더 민주 지도부 표정 단속 입 단속,1
탄핵 가결 세월호 유가족 외침,1
탄핵 가결 순간 눈물 민주 종편 의원,1
탄핵 가결 시 국회 의원 유의점,1
탄핵 가결 아버지 반응,1
탄핵 가결 직후 박지원,1
탄핵 가결 토끼,1
탄핵 가결 평생 섹스,1
탄핵 가결 후 경찰 상황,1
탄핵 가결 후 경찰,1
탄핵 가결 후 고등 학생 반응,0
탄핵 가결 후 시민 모습,1
탄핵 가결 후 아부지 문자,1
탄핵 가결 후 표창원 의원,1
탄핵 가장 수혜자 문재인,1
탄핵 광우 뻥 시즌 2 2 달안,1
탄핵 기념 그림판 만화,1
탄핵 기념 스와로브스키 갤럭시 갤럭시노트 노트 4 케이스 선셋 골드,0
탄핵 기념 이정현 대표 선물 택배,1
탄핵 기원 탄핵 가결 후 뉴스 룸 엔딩 곡 예상 영상,1
탄핵 기적 필요 표창원 의원,1
탄핵 뉴스 뉴스특보 특보,1
탄핵 반대 의원,1
탄핵 반대 집회 클라쓰,1
탄핵 소녀 국회 앞 도착,1
탄핵 소추 안 가결 후 전현희 강훈식 의원,1
탄핵 소추 안 국회 표결 불판 마련,1
탄핵 소추 안 투표 동그라미 무효표 포착,1
탄핵 소추 안 표결 뉴스 룸 손석희 앵커 직접 진행,1
탄핵 소추 안 표결 중 이정현 상황,1
탄핵 시발점 이화 이화여대 여대,1
탄핵 예언 갑,1
탄핵 일등 일등공신 공신,1
탄핵 장면 세월호 유가족,1
탄핵 전야 민주당 의총 조승래 의원,1
탄핵 주역 4 2 3 1 포메이션,1
탄핵 주역,1
탄핵 찬성 234 예측 현근택 변호사,1
탄핵 찬성 새누리당 국회 의원,1
탄핵 찬성 새누리당 의원 41,1
탄핵 탄핵,1
탄핵 표결 세월호 유가족,1
탄핵 표결 시작,1
탄핵 표결 탄핵 찬성 꽃 이정현 대표,1
탄핵 표결 하늘 증거,1
탄핵 할복단 모집 박대모 30 횟칼 유언장 준비,1
탄핵,1
탄핵안 가결 뒤 이정현,1
탄핵안 가결 부산 해운대 호텔 109 오늘 전 객실 무료,0
탄핵안 가결 야후 뉴스 일본인 반응,1
탄핵안 민주당 박지원,1
탄핵안 표결 하루 전 박근혜 정부 국세청 고위직 인사 단행,1
탈모 갤 의문 축복,0
탈의 아오바 짱,0
탈출,0
탐폰 피 비릿내 위험성,0
탑 해라 우병우 꿀팁,1
탕수육 찍먹 부먹 논란 종결,0
태국 미녀 반전,0
태브릿 조작 총정리,0
태블릿 시비 손석희 개 고영태 위증,1
태블릿 최순실,1
태양 바보,0
태양 숭배 고양이,0
태양 프레임 안,0
태연 노래,0
태연 솔로곡 퀄리티,0
태풍 선물,0
택배 중고 거래 더치트,0
택배 택배왔습니다,0
택배,0
택시 기사 취향,0
택시 택시기사 기사,0
탭 발견 고영태 가능,1
탱크로리 과속,0
터키인 존경 인물,0
턱걸이 1 차 후기,0
테니스화,0
테러 방지 법 필리버스터 당시,0
테러 방지 법 필리버스터 때 의기 양양 박근혜,1
테러 후미등 복원 가능,0
테리우스 신성우 16 연하 일반인 오늘 결혼,0
테슬라 모델 3 실내 최신 사진,0
텔레콤 이혼 소송 때 불륜 용도 통화 내역,0
토끼 글,0
토끼 볼빨간 사춘기,0
토끼 아이유,0
토끼,0
토요일 뉴스 룸 충격 시청률,1
톰 브라운 개 옷,0
통신사 포인트,0
통영 한산 대첩비,0
통진당 누가 실드 소리,1
통합 계좌 조회,0
통화,0
퇴사,0
투 바디 때 사진 정리,0
투미 독특 가방,0
투표함 앞 거지 갑 의원,1
트럭 볼보,0
트럼프 35 프로그램 부정 의사,0
트럼프 미국 하나 중국,0
트럼프 중 북한 문제 하나 중국 의문,0
트럼프 중국 폭탄 발언,0
트럼프 헨리 헨리키신저 키신저 포기,0
트리,0
트와이스 권력 서열,0
트와이스 나연 사나 불화,0
트와이스 나연 인간미 짤,0
트와이스 멤버 간 약간 불화,0
트와이스 미나 오빠,0
트와이스 여신 미나,0
트와이스 오늘 자,0
트와이스 일본 맴버,0
트와이스 임나연,0
트위터 곽정은 곽정은 곽정은 글,0
트윗 펌 병신년 황교안 대모험,1
트윗 펌 인천 곰탕 집 출입 금자자 명단,0
트윗,0
특검 최순실 정호성 녹취록 국무 회의 통화 내용,1
특검,1
특검팀 최순실 정호성 녹취록 분석 착수,1
특이 디자인 메카닉,0
특이 성씨,0
특이 애완 동물,0
특이점 넨도,0
특이점 온 십일조,0
특이점 온 일본 프라 모델,0
특이점 온 자위 캠 방송,0
특이점 온 전생 물,0
특이점 온,0
특종각,0
티 전화 당첨 글,0
티비 무통장 한분 취소,0
티비 배송 쇼핑,0
티비,0
티비플 요약,0
티저 정기고 보이 소란 시절 빈티지,0
티저 정기고 보이 소란 시절 빈티지,0
팀 문재인,1
팀 인터뷰 완료,0
파괴 신 소름,0
파괴 신 트위터 근황,0
파괴 신 트위터 방금 전,0
파괴 왕,0
파라곤 정신,0
파주 금촌 방금 소리,0
파티션 해도 가능,0
파파이스 왕따 사건,0
파파이스,0
파판 15 요약,0
판교 갑부 홈씨어터 룸,0
판도라 주 관객 수,0
판사 특정 인물 지칭,0
팝 스타 6 유지니 무대 최고,0
팝 스타 연습생 반칙,0
패널 정보,0
패딩 실물,0
패딩 아재,0
패딩,0
패트병 쌀 때 최고,0
팩 폭,0
팩트 살인마,0
팩트 폭력 황교안,1
팩트 폭력,0
팩트 폭행 곽정은 트윗,0
팩트 폭행,0
팩트,0
팬 크리스마스 카드 혜자 걸 그룹,0
펌 830억 자산가 우병우,1
펌 겨울,0
펌 고고학자 멘붕 발굴,0
펌 고양이 먹방,0
펌 고영태 빅 빅픽쳐 픽쳐,1
펌 곽현화 리즈 시절,0
펌 구역 우리,0
펌 김기춘 모에화,1
펌 김기춘,1
펌 남편 집,0
펌 다비드 다비드비야 비야 사랑 밥차 행사,0
펌 대게,0
펌 데이터 주의 눈 아내,0
펌 박정희 경부 경부고속도로 고속도로 경제 발전 신화 허상,1
펌 분노 김어준 김기춘 통진당,1
펌 사람 주갤러,0
펌 생각 답,0
펌 성진국 세대 투표 성향,0
펌 속보 이정현 투표 용지 유출,1
펌 수치 인간,0
펌 아나운서 검스,0
펌 얘들 우리 우리학교 학교 도덕 쌤 개막장,0
펌 여대생,0
펌 역전 청문회,1
펌 우병우 현상금 포스터,1
펌 이재명 시장 부인,1
펌 일본 문재인 이유,1
펌 주갤럼 주식 인증,0
펌 청문회 스노우 캠,1
펌 초밥 부페 무개념 논란,0
펌 최근 용산 조립 컴퓨터 광고 참고,0
펌 친박 자민련,1
펌 클럽 문지기 일반인,0
펌 탄핵 234 축하,1
펌 탄핵 금요일 진행 이유,1
펌 탄핵 반대 할복 박사모,1
펌 탄핵 직전 민주당 내부 정보,1
펌 파스타 가게 일,0
펌 편집 능력자 손,0
펌 현재 상황,0
펌 황교안 임마,1
펌글 10 말 김성근,0
펌글 김국진 강수지 괌 데이트 현장,0
펌글 내일자 장도리,1
펌글 대통령 밥 해준 놈 비난 전 청와대 조리장 고백,1
펌글 대통령 탄핵안 가결 뉴스 특별 편성 일일극 결방 확정,0
펌글 대통령 탄핵안 가결 뉴스 특별 편성 일일극 결방 확정,1
펌글 불페너 클럽 후기,0
펌글 빅뱅 신곡 역대 급,0
펌글 손석희 등장 반응,0
펌글 스팀 이유,0
펌글 야무치 근황,0
펌글 약 주갤,0
펌글 역사 3 허락,0
펌글 오늘 자 초밥 뷔페 논란,0
펌글 유방 아이돌 원조,0
펌글 유시민 호평 김경진 청문회 태도,1
펌글 인천 최고 일진 학교 운봉 운봉공고 공고,0
펌글 일본 간장 종지,0
펌글 지금 조승우 3 연타,0
펌글 취재진 적 던 고영태 뉴스 룸 심수미 마디,1
펌글 퇴근 방 와이프,0
펌글 하태경 새누리 의원 탄핵안 통과 의원직 사퇴,1
펌글 한국인 일본인 트위터 경향 차이,0
펌글 현재 금지 고난이도 피겨 스케이팅 기술,0
페라리,0
페이 점점 진화 스압,0
펜탁스,0
펠라 사람,0
펠라 의의,0
펠라이니 비디오,0
편도 결석 입냄새,0
편돌이 점심,0
편의점 분 평가,0
평가 김재규 최후 발언,0
평가 버즈,0
평가 영화,0
평생 1억 재산 상속 사람,0
평생 남 눈치,0
평소 예의 김세정,0
평소 우결,0
평소 우결,0
평화 롤펌,0
평화 중고 중고나라 나라 클래스,0
평화 중고 중고나라 나라,0
평화 집회 이분 희생 가능,0
평화,0
포니테일 진리,0
포럼 삼촌 중 여친 총각 삼촌,0
포스 그대,0
포스팅,0
포장,0
포켓몬 썬문 기술 움짤 모음,0
포켓몬 썬문 최고 섹시 캐릭,0
포켓몬 이름,0
포탈 후유증,0
포토 가결 눈물 세월호 유가족,1
폭망 예능,0
폭망,0
폭탄 세일 파리 연말 처음,0
폭탄 세일 폭탄 세일 드립,0
폭풍 존슨 상관도 이야기,0
폭행 완전 여혐,0
폰 배경 짤,0
폰 아레나 삼성 저격,0
표 의원 명단 명단공개 공개 신 신의한수,1
표결 후 더 민주 무리 장제원,1
표정 관리 더 민주,1
표정 민주당 지도부,1
표창원 새눌당 찬반 현황 몫,1
표창원 의원 국민 끝,1
표창원 의원 트위터,1
표창원 의원 페북 글 인증 샷 이야기 이유,1
표창원 의원 페북 라이브,1
표창원 의원 페북,1
표창원 트위터,1
표창원 트윗,1
푸딩 머리,0
푸바 이민호 전지현 사랑 계획,0
품번 서유리,0
품절 배송 비만 내고 3 스카치브라이트 수세미 10 구입 선착순,0
프랑스 삼각대,0
프로토 오늘 벳,0
프리파라 아재 드립 놀람,0
프린터 수도 꼭지,0
플렉스터 방열판 값 5만,0
피눈물 말 말 그네 뜻 해석 좀 부탁,0
피눈물 발언 여자네,0
피닉제 만수무강,0
피르가즘,0
피자헛 런치 뷔페,0
피지 피지 사진 혐 주의,0
피지컬 이민호 설현,0
피치 커플 동안,0
피카소 그림 실력,0
픽션 철수 의원 표결 용지 인증 샷,1
핀 문제,0
핀레이,0
필름 사진,0
필카 비 카메라 앱 한시 무료,0
하나 메카닉 디자인,0
하늘,0
하리보,0
하악,0
하야시바라 박근혜 탄핵 날 기원 출근길 퍼포먼스,1
하지원 길라임 논란 후 현빈 문자,0
하지원 길라임 논란 후 현빈 문자,0
하지원 썸 말,0
하차 감 가성비 젤 모델,0
하태경 탄핵안 부결 국회 의원직 사퇴,1
하프 하프,0
하하하 사랑,0
학교 담임 쌤,0
학벌 부모 민감,0
학사 졸업 논문 도움,0
학생 단체 시위,0
학습 몰카,0
학창 학창시절 시절 공감 만화,0
한겨레 노무현 문재인 극혐,1
한국 갤럽 대선 3 대결 문재인 36 반기문 31 안철수 17 지역 지지율,1
한국 갤럽 리듬 체조 손연재 올해 선수 1,0
한국 노트 7 기종 교환 이유,0
한국 무시 영쿡,0
한국 미국인,0
한국 보수 토템 포비아 문재인 펌,1
한국 사람 일본 방송 이유,0
한국 성 일본 성,0
한국 술 일본 아재,0
한국 안경점 신세계,0
한국 여자,0
한국 연예인 역사 최초 5 툴 플레이어,0
한국 영국 프랑스 팩트 자료,0
한국 영화 포스터 패턴,0
한국 음료수 우크라이나 여성,0
한국 주 4 근무 도입 하나,0
한국 중국 참치 캔,0
한국 최고 관광 명소,0
한국 최적화 인재,0
한국 특산품 라면,0
한국 학력 과잉 현상,0
한국 활동 베트남 걸 그룹,0
한국말 만렙 외국인,0
한국사,0
한국인 남성 71 결혼 안,0
한국인 성,0
한국인 일본인 트위터 경향 차이,0
한국인 한의학 이야기,0
한글 패치,0
한때 소니,0
한불 모터스 내년 3 출시 푸조 판매 기록,0
한선교 계파,1
한선교,1
한성 게이밍 올인원,0
한성 올인원 게이밍,0
한승연 장래 장래희망 희망,0
한승연,0
한우 이유,0
한의학 이야기 조작 저격,0
할머니 연락,0
할복 박사모 구속,1
할복 박사모 인간,1
할복 박사모 진실,1
할복단 모집 박사모,1
할부,0
할아버지 그때 촛불 집회,0
할아버지 주갤,0
함부르크 해변 풍경,0
합법 탄핵 브로커,1
합성,0
핫산 아귀 팀 일상 만화,0
해결 마법봉,0
해라,0
해리 해리포터 포터 시리즈,0
해상 초계기 8a 포세이돈 사실 확정,0
해외 아마존고 이슈,0
해운대 호텔 109 박근혜 순간 창조 창조경제 경제 실천,1
해운대 호텔 난리남,0
해커스 공무원 책 뿌리,0
해파리 구성 성분 98 수분,0
핵폭탄 위력,0
핸드폰 번호 이동 통신사 유지,0
핸들 법 규정,0
햄버거 고수 길,0
햄버거 대회,0
햄버거 햄버거 이야기,0
햄버거,0
행 티켓,0
행복 주택 당첨 문자,0
행복 지수 나라 순위,0
행복,0
행사 도중 폭죽 나연,0
향후 20 최고 한국,0
허각 욕,0
허망 위인,0
허벅지 민감 여자 아이,0
허지웅 사진,0
허지웅 자동차,0
허지웅 페이스북,0
헌법 헌법재판소 재판소 결론 상 태일,1
헌법 헌법재판소 재판소 탄핵 재판 상황 화면,1
헌법 헌법재판소 재판소 판결,1
헌재 기각 이유,1
헌재 대통령 16 탄핵 심판 답변서 제출 요청 속보,1
헌재 무기명 기명,0
헌재 재판관 긴급 회의 7 소집 이유,0
헌재 재판관 긴급 회의 7 소집 이유,1
헌재 재판관 임명 현황,1
헌정 시,0
헌혈 가치,0
헤븐 조선 평균 연봉,0
헬 조선 절대 선진국 투표함,0
헬로 헬로비너스 비너스 권나라 비율,0
헬리코박터 균 치료 식도 암,0
헬스 2 차,0
헬스 트레이너 박엄지,0
헬스 트레이너 팩트 폭행,0
헬조선 게임,0
헬조선 군대 이유,0
혀 고호경,0
현금화 방법,0
현대 올 뉴 투싼 악셀 무반응 현상,0
현대 현대자동차 자동차 시장 점유율 방법,0
현대 현대카드 카드 카드 팩토리,0
현상금 1100 만원 우에하라 병우,1
현상금 포스터,0
현시각 국회 의사당 건너편,1
현시각 근황,0
현시각 박사모 상황,1
현시각 아프리카,0
현시각 이정현 추미애 회동,1
현시각 이정현 추미애,1
현시각 청와대 홈페이지,1
현시각 초조 남자 혐 주의,0
현시각 혜 황,0
현실 공대녀 외모,0
현실 여대생 반응,0
현실 자취생 방,0
현재 국회 앞,1
현재 국회 의사당 구내 식당 취사장 풍경,1
현재 국회 의사당 역 모습,1
현재 국회 의사당 역 새누리 당사 앞,1
현재 메인 페이지,0
현재 멜론 챠트,0
현재 박사모 까페 상황,1
현재 박사모 상황,1
현재 박사모 카페 상황,1
현재 불쏘시개 0 순위,0
현재 상황,0
현재 새누리당 상황,1
현재 우병우 상황,1
현재 의원 회관 앞 상황,0
현재 이정현 상황,1
현재 이정현 의원실 앞 상황,1
현재 주갤 사이버 수사대 우병우 추적 실황,1
현재 주갤 상황 우병우,1
현재 주갤 상황,0
현재 책상 상황,0
현재 치킨 집 상황,0
현재 환율,0
현재 황교안 각하 근황,1
현주엽 먹성,0
현주엽,0
현직 국회 앞,1
현직 떡집 야간 제조 질문 유,0
현직 부산 특실,0
현직 붕어빵,0
현직 일면,0
현직 일본 셀카 주의,0
현직 조종,0
현직 프라하,0
현피 레전드,0
혐 가결 탄핵 무효,1
혐 개구리탕 아시나요,0
혐 고기 분쇄기,0
혐 곽정은 근황,0
혐 곽정은 근황,0
혐 박근혜 공개 투표,1
혐 박근혜,1
혐 암살 장면,0
혐 일베 노무현 대통령 모욕 게 캡처,1
혐 일본인 유명 위안부 비하 발언,0
혐 주갤 펌 상황,0
혐 주의 방금 박사모 눈팅 발견 청년,1
혐 주의 사람 개,0
혐 주의 이쯤 조윤선,1
혐 주인 연성,0
혐 책장 정리 유물 발견,0
혐 코팩,0
혐,0
혐오,0
혐짤 작년 패딩,0
형 내 설움,0
형,0
혜 경호 앞 책임,0
혜 경호 앞 책임,1
혜 불리 때 시게,0
혜 인성,0
호감 여자 연락처,0
호날두 한국 민주주의 234 가결 환상,1
호불호 서양,0
호불호 여고생 약 후방,0
호불호 여자 여자아나운서 아나운서,0
호불호 여자 여자아나운서 아나운서,0
호불호 음료수,0
호불호 음식,0
호불호 패션,0
호불호 허벅지,0
호불호,0
호빵맨 흑막,0
호잇 군 모닝,0
호주 사람 인,0
호주 심 카드,0
호주 투표 용지 펌,0
혼 닭 혼술,0
혼란 혼란,0
혼밥 고양이,0
혼성 그룹 오늘 밤 데뷔곡,0
혼술 이유,0
혼자 가능,0
혼자 놀기,0
혼자 다니엘 다니엘헤니 헤니,0
혼종,0
홈플 450 쥬스,0
홍만 장난,0
홍문종 눈 말 손,1
홍문종 미친놈 대통령 걱정,1
홍문종 야당 야당 문재인,1
홍문종,1
홍은희 특기 레전드,0
홍은희 특기,0
홍진호 생활 기록부,0
홍콩 홍콩디즈니랜드 디즈니 랜드 여행기 1 퍼레이드 볼거리 데이터 폭탄,0
홍콩 홍콩디즈니랜드 디즈니 랜드 여행기 3 교통 음식 굿즈 데이터 폭탄,0
화가 난 김기춘,1
화장실 고양이,0
확진 판정 양계장 아들,0
환경 연애 사람 연애,0
환상,0
환생 여성,0
환쟁이 메 1 퇘지 이유,0
환호 박지원,1
환호 세월호 유가족 분,1
활동 2 걸 그룹 멤버,0
활동 오컬트 카페 이상,0
활복 박사모 근황,1
황 교활 몸,0
황 교활 직무 대행 놀이 시작 황교안,1
황 교활,0
황교안 8 국민 담와,1
황교안 가결 후 인터뷰,1
황교안 개이득,1
황교안 닭,1
황교안 담화문 예상,1
황교안 대리 체제,1
황교안 대행 불법 집회 강력 대응 지시,1
황교안 레전드,1
황교안 미필,0
황교안 불법 시위 강력 대응,1
황교안 불법 집회 강력 대응,1
황교안 아무 추미애 경고,1
황교안 외교 행자부 장관 전화 불법 집회 강력 대응,1
황교안 위엄 2,1
황교안 총리,1
황교안 클라스,1
황교안 표정,1
황교안,1
황금 뉴스 시간 태블릿 해명,1
황영철 소리 하나,1
황영철 수트 핏,1
황영철,1
황총리 오늘 기자 질문 공세,1
황총리 최,1
회사 다운,0
회사 벼룩 게시판 창조 사기꾼,0
회사 선배,0
회사 여직원 모델,0
회사 이유,0
회사 인터넷 여사원 방법,0
회사 조 때 퇴사 답,0
회원 차 수리 의뢰 사건,0
회장 눈 피켓 국회 출동 정몽구 호위 무사 정체,0
회장,0
효리 남자,0
효용성 좀 의문 상품,0
후 사촌 동생 카톡,0
후방 3 어펙션,0
후방 논쟁 장면,0
후방 리우 카니발 의상 장난,0
후방 성진국 모델 화보 촬영,0
후방 안개등 차량,0
후방 주의 17 모바일 주의,0
후방 주의 19금 뒤 사람 확인,0
후방 주의 꼬치 구이 처자,0
후방 주의 어제 경녀 최신화,0
후방 추돌,0
후방 크리스마스 밤 란제리,0
후방 피규어 궁디,0
후방,0
후원금 18 환불 요청,0
훈련병 방문,0
훈민정음 발성 강좌 팁 두성 증폭,0
훗날 사진 교과서,0
휴 휴잭맨 잭맨 영화 레알 행동,0
휴가 논란,0
휴면 계좌 대박,0
휴면 계좌 조회,0
흥민 교체,0
흥분 가슴골,0
히어로 남자,0
힐러 이미지 힐러 탓,0
힘 조절 실패,0
힘,0
12 뉴 그랜저 그랜저xg 하부 부식 모습,0
거실등 교체 문의,0
여기 북한인 가요,0
물대포 박주민 의원 지못미,1
아디다스 팬츠 롯데 롯데백화점 백화점 쿠폰,0
게이 첫차 윤,0
파적파,0
이은결 반지 마술 레전드,0
안희정 도지사 경쟁,1
일본 토이 토이스토리 스토리,0
이상 남편,0
데일리 룩,0
바다 생선 기생충 구글 검색,0
원균 자손,0
꾸리 꾸리 밤 영화,0
회 맛,0
혼자,0
거지 갑 박주민 당 국회 의원 위해 구걸,1
클리앙 평균 연봉 8천만,0
전대 악역 수준,0
연예 하하 집안 잔치 유재석 이유,0
잠,0
이재명 시장 페북,1
유준상 마누라 특기,0
요즘 스타 2 유즈 맵 수준,0
생얼 안,0
위스키 온 더 락,0
빅뱅 노래,0
어용 방송 지적 수준,0
회사 사원증 사진,0
김남길 어머니 돈 관리 드라마 출연 압박,0
몸캠 대응법,0
연봉 1억 간,0
개,0
세월호 7 해명 기차,1
담배 고삐리 훈계 남자,0
군 생활 막내,0
주문 대륙 논리,0
엄마 고가 패딩 등골 브레이커 올해,0
펌 윈 10 76.9 팁,0
문단 성 폭력,0
이재명 시장 페이스북,1
사회부 소셜 스토리 기자 장갑 보급 확정,1
전대 여간부 변신,0
영국 한국 모습,0
중세 시대 사람 이유,0
남편 전 남친,0
국뽕 국가 망신 공존 뉴스,0
티몬 15만 이상 3만 쿠폰,0
티 전화 아이폰 당첨,0
성 추행 논란 박대성 최설화,0
논리 사고 도출,0
밤,0
치매 예방 완화 기생충,0
동안 시배목 게시판 거론 오랑우탄,0
김경수 서거 후 반기문 유족,1
2017 착용 사회 복무 요원 새 제복,0
원피스 장면,0
최고 점술사,0
신인 혼성 그룹,0
이슈 대통령 사저,1
티몬 카트 쿠폰 15만 3만 2,0
나폴레옹 시대 프랑스군 시전 사단 규모 방진,0
야간 행군 훈련병,0
이쯤 빅뱅 뱅뱅뱅 첫날 불펜 반응,0
이슈 직썰 최순실 청문회 스타,1
도깨비 브로맨스 남녀 차이,0
뮌헨 팩트 폭력,0
전 서강대녀,0
중딩 때 영화,0
90 최고 댄스 가수 단연,0
연예인 몸캠,0
경주 곳,0
위메프 구매자,0
오늘 뉴스 룸 주갤,0
지연 서준영,0
효종 북벌 계획 당시 청나라 황제,0
자 산신령,0
연예인 불펜 인지도,0
유명인 몸캠 유출 수치심 끝판왕,0
이슈 12 13 한겨레 그림판,1
로또 1,0
초등 학생 시,0
30 약사 후회,0
은행 7 사람,0
이슈 이상호 기자 세월호,1
안희정 이재명 대응 방식 품격 차이,1
박지원 차기 대선 안철수 지지,1
뒷북 뒷북,0
최 선생 순식간 시녀,0
라이트룸,0
민호 철벽 방어,0
분노 태세 전환,0
아내,0
공중파 집밥 레전드,0
이마트 노브랜드 젤 히트 상품,0
한류 열풍 근황,0
대륙 어부 나라 고기 이유,0
서강대녀,0
대박 인간 뇌 조정 기생충 한국 국민 1 4 감염,0
김기춘 대통령 탄핵,1
사진 김연아 광고 현실 차이,0
역대 대통령 병문안,1
박근혜 근황,1
이분 어머니 돈 관리,0
사람 성실,0
세월호 사고 당시 미군,1
요즘 게임 디테일,0
외국인 한일 문제,0
성공 중2 병,0
혜리,0
빅뱅 이번 앨범 위기,0
탄산주 베르세르크 장면,0
홍대 우주 여신 조민아 베이커리,0
후 깨달음,0
19금 호노카,0
이집트 모양 윈도우 10 구매 가능,0
트와이스 다현 연말 빨간색 염색,0
모태 솔로녀 경험,0
카톡 대참사,0
임신 테스트기,0
오버 오버워치 워치,0
애 사진 난 듣보,0
미필 군대 전화 예절,0
삼양 라면 햄 맛 사건 디씨 사건,0
동영상 만화,0
뱅뱅뱅 욕 시절,0
방금 음원 공개 2016 젤리피쉬 크리스마스 송,0
영국 최초,0
나이대 연봉 1억,0
뉴스 측근 노영민 이재명 대선 후보 생각 시장 생각,1
탁재훈 솔지,0
장마 대선 문재인 대통령 이유,1
중국 어선 한국 불법 조업 이유,0
살 현실,0
문과 끝판왕 학문 법학 경제학,0
계층 재무 설계 3 지출 관리,0
한류 태형 90 이슬람 소녀,0
문재인 이재명 구도 팩트,1
아프리카녀,0
5 바라,0
기타 마케팅부,0
서하준 이어 서영준 몸캠 동영상 루머,0
여초 난리 난 한양대 포지 훈남,0
최송현 화보,0
정유라 극딜 일본 방송,1
자연 미인 아프리카,0
이재명 시장 해명글 가천 대생 반응,1
세후 연봉 9천 차 연 3000 유지비,0
엘지 마케팅 부서,0
탱크로리 과속,0
세월,0
발 사이즈 220 아이돌,0
미국 아이오와 주 법학 도서관,0
몽유도원도,0
극한 극한직업 직업,0
디스형 노 이해,0
안희정 지사 이재명 시장 스타일,1
기타 페라리 599 탁송 실패 영상,0
노무현 겁 모양새,1
우주 소녀 성소 셀카,0
분노 김어준,1
2016 병신년 총정리,0
사설 촛불 헌법 헌법재판소 재판소,1
탄핵 전 일과 탄핵 후 일과,1
상남자 향수,0
정유미,1
빅뱅 멜론 15 차트,0
그랜져 그랜져xg 하부 부식,0
오늘 자 대구 친척집 분위기,0
순실 4 16 아침 이후,0
방한 룩 도추 워,0
일본인 한국인 회 태도,0
연예 사나,0
이재명 순항 박원순 손,1
1 탭 홈 버튼,0
평가 드라마,0
서하,0
몬티 몬티파이튼의성배 파이튼 성배 장면,0
아메리카노 아메리카노엑소더스 엑소더스 작가 메갈 변호,0
소음 촬영 기능,0
이분,0
차음 병원 이경규,0
며칠 사이 남자 연예인 몸캠 3,0
절대 방어 자세,0
섹스 후 깨달음,0
트레이너 최 리 몸캠 추가,0
티몬 1050,0
위메프 문상 9.3,0
빅뱅 노래,0
스벅 직원 분 번호 낯,0
군대,0
계층 돈 행복,0
현실 서울대녀,0
서준영 이네,0
이재명 시장 잘못,1
이재명 성남 시장 반문 연대 해명,1
군대 수송반 특징,0
2006 신인 남자 아이돌,0
월세 불리 이유,0
너구리,0
역대 대통령 병문안,1
담배 고삐리 훈계 남자,0
이재명 안희정 해프닝 감상 소감,1
호 100 음식 도전,0
지도 느낌표 사람,0
이번 몸캠 반응,0
냥이 분노,0
주진오 교수 페북,0
다비드 다비드비야 비야 대선 주자 급 스케쥴,0
아재 예의 문제,0
섹스 노트 가격 1억,0
정세균 손석희,1
극한 극한직업 직업,0
김고은,0
세월호 아이 몸 탈출 시도 흔적,1
현재 새누리당 상황,1
남자 자연 길거리 여자 헌팅,0
퇴계 이황 이유,0
결과 이번 추미애 대표 일,1
오빠 소개팅 해준 동생,0
아프리카 여자,0
대머리 장위안,0
초밥 뷔페 논란,0
요즘 애니메이션 클라스,0
몸캠 피싱 동생 얘기,0
베트남 유행 일본 공중 분재,0
한상훈 조리사 걱정,0
이석현 의원 페이스북 지금 이유 개헌 추진 때,1
애기 부모 처가,0
서강대녀 원탑,0
8,0
아일랜드 더블린 성당 내부,0
술주정 땜 연애 일주일 사람,0
서강대녀,0
양현석 인생 실수 짤,0
퇴임 후 박그네 꿈,1
옥천 여신,0
연락 관심,0
대란 티비,0
이재명 프레임,1
안상수 창원 시장 친박 탈당,1
주갤 발 이번 사건 최초 피해자,0
씨 입장 다행,0
빅뱅 1 멜론 진입 역대 최다 이용자 수 기록,0
은 4,0
김준호 오버 오버워치 워치 레벨,0
혐 에이젝스 형곤 몸캠,0
우주 4 동안 관찰 결과,0
16 추억,0
검거 가세,0
몸캠,0
광화문 집회 서강대녀,0
남편 집 고추,0
화면 캡쳐 정청,0
극 극 캐릭터 설정 비교,0
삼성 밀크 1 29 700 삼성 페이 이용자 대상,0
개인 극혐 식습관,0
전설 불 사건,0
세월호 포커스 지금 해경,1
미국 성룡,0
100 어그로꾼,0
탄핵 정권 교체 공로자,1
찜질방 수면실 폰 라이트 눈갱,0
남성복 돈 코트 넘,0
몸캠 개그맨 라길래 순간 김구라,0
남자 몸캠 난리,0
순실 내 시녀,0
몸캠 유출 사태 자세,0
지연 서준영 접점,0
스캇 주의 넷 우익 논리,0
이슈 일본 구체 구름,0
몸캠 4 티저,0
현직 고대 응급실,0
19금 여자 남자 몸 상상,0
섹스 후 깨달음,0
국민 걸래 핑크,0
게임 리치 왕 메이,0
출산 부인 짓 남편,0
공장일 답,0
낚시 고기 회 기름 장난,0
몸캠 허각,0
말년 병장,0
도깨비 드라마 촬영 현장 스포,0
매트릭스 17,0
형님 나이 시점 말,0
앞 1 시위,0
정인영 키 인증,0
교보 교보문고 문고 뤼팽 셜록 셜록홈즈 홈즈 포함 40 무료,0
오막삼 사무엘 2 사진,0
장비 다이어트 중,0
19금 실제 남 물건 적,0
성진국 간장 종지,0
몸캠 육아 카페 아줌마,0
공유 정유미 비율,0
고민 패딩,0
주번나 주번나,0
공룡 사진 강등,0
메 엑시 카 양념 치킨 12000 아이유 달력,0
진정 분노 조절 장애,0
혐 얼굴 붓기,0
이슈 안희정 응답 이재명,1
산책,0
양꼬치 친구,0
삼촌 하드,0
문재인 아들 취업 비리 의혹 1 시위 가능,1
전 3 여사친,0
나라 식습관,0
안봉근 대장 수석 일,0
분노 기자,0
주인 하아,0
주번나 최설화 맥심 버전 짤,0
친구 컴퓨터 견적 중,0
빅뱅 위엄,0
트레이너 최누리 유출,0
19 역대 급 몸매 텀블러녀,0
뉴스 잠,0
성진국 간장 종지,0
월세 불리 이유,0
진짜 밥도둑 술도둑 이네,0
방송 태도 논란 투 탑,0
종교 미신 이유,0
문재인 대선 주자 빅 데이터 점유율 42,1
갤 2017 시리즈 기대,0
빅뱅 에라,0
후지 후지필름 필름 4 스펙,0
반박 불가 감동 애니메이션,0
아내 헬스장 이유,0
식빵 계란 후라이 모양 휴대폰 케이스,0
영국,0
몸캠 스폰서 얘기 도네,0
뇌 방식,0
몸캠 유출 트레이너 지인,0
충성 충성 충성 웃대 사랑 사랑합니다 충성,0
수육,0
게임 클로저스 애니메이션 장면,0
강력 스포 워킹 워킹데드 데드 니거 가족 과거,0
오하영,0
여초 영상 유력 용의자,0
오버 오버워치 워치 힐러중,0
수육,0
아래 1,0
도깨비 가장 장면,0
짤방 안경녀,0
아프리카녀 0,0
포르투갈 뉴스 반기문,1
베오베 헌재 연하장,0
얼떨결 윈 10 설치,0
시간 에이젝스 형곤 인스타,0
대란 티비 티비,0
황금 귀 전용,0
올드 팝 제목 좀,0
유선 이어폰 블루투스 2,0
루이비통 지갑 종류 질문,0
중국 어선 한국 불법 조업 이유,0
대한민국 검찰 수사관 위엄,0
딸 캠 유출,0
고뇌 훈련병,0
며칠 전 고기,0
몸캠 전문 조직,0
학령 인구 887만 35 38 저출산 심각,0
갤럭시 녹스 연락처 조선 몸캠,0
북극 얼음 미국 원잠,0
현실,0
대선 때 서울 경기 10만 차이,0
암수 구분 포켓몬 2,0
19금 헬스 트레이너 몸캠 좀,0
기자,0
이연희 미스 미스코리아 코리아 수영복,0
이번 주 대학 내일 송중기 느낌 남자 모델,0
트위터 곽정은 저격 사람,0
지구 곳 포인트 니모,0
연예 커뮤니티 난리,0
장애인 직원 고민,0
문 보살,0
자게 이때,0
몸캠 사건 아이폰 보안 장점 부각,0
사무실,0
빅뱅,0
연애,0
타임지 선정 가장 영향력 캐릭터,0
공항 면세점 캐리어 구입,0
생수 하나 15 정도 드론,0
보배 보배드림 드림 우병우,1
휴대성 화질 카메라 추천 좀,0
정도,0
몸캠 대처 방법,0
부활 사망,0
지식 섹스 후 사실,0
옆동네 몸캠 난리,0
이외수 클래스,0
혐 중국 하얼빈 시장,0
소피 소피마르소 마르소,0
몸캠 내 내여자친구 여자 친구,0
컴터,0
친구 모르네,0
구황 문재인 선생 카피,1
돌,0
공포 성 폭행 중 경찰 신고 여자,0
피엑스 과자 갑,0
고딩 때 여자 애 성인 취향,0
몸캠 돈 하나,0
영화 라라 라라랜드 랜드 보니 사랑 생각 스포,0
샤오미 전동 퀵보드,0
서울 33 아파트 장만,0
스위스 여행 중 이나라 사람,0
차오루 조세호 고백,0
전 문 대표 실수,0
배정훈 트윗,0
이은결 동전 마술 레전드,0
아침 멘붕,0
20 전 애니 2016 애니,0
키아누 키아누리브스 리브스 동양계 혼혈,0
야동 꿀팁,0
결혼 선배 띠궁합 혈액형 궁합,0
문재인 전 대표 비밀,1
분,0
연예 이제 노래,0
예전 군무 신경,0
일전 몸캠 사기 피해자 일베 해결,0
커세어 적축 후기,0
인간 노예 흉폭 코알라,0
프랑스 금 수송 차량 강도,0
몸캠 낚시,0
누가 사진 이후,0
중학교 남학생 앙탈 여교사,0
몸캠 4 후기,0
주갤러 김재규,0
여친 인증,0
정황,0
가다실 이리,0
데이터 주의 어쌔신 어쌔신크리드 크리드 시리즈 독수리 등장 이유,0
현대 현대택배 택배 눈물,0
펌 데이터 주의 군인 나라,0
세월호 당시 태평양 함대 출동 대기 사진,1
야쿠자 가정 교육,0
단도 직입 질문,0
손나은 필인 마이 걸 리더 효정,0
하아 뇌쇄,0
아줌마 남자 몸캠 관심,0
고양이 강아지,0
도깨비 움짤 5,0
공유기 신호,0
생각 7 진실 방송,0
반기문 내 마음 유엔 고별 연설 기립 박수,1
등심,0
회사 진급 발표,0
일면 출입 금지 금지구역 구역 사진,0
인도네시아 도둑질,0
불알 크기,0
피규어 가능 이유,0
다,0
야무치 훈련,0
연예인 몸캠 기기 방법,0
요즘 유출 이상,0
햄스터 집 미궁,0
한국 최저 월급 얼마 정도 적정,0
카메라 구경 유의점,0
원조 교제 히로인,0
러시아 산책,0
이가 소리,0
몸캠 사태 최자,0
떼껄룩 불치병,0
편의점 바닥 침,0
대한민국 악플 기네스북,0
임재범 가성 처리 능력,0
이유,0
기타 박병일 명장 상대 사기 현기,0
복귀자 신규 유저 팁 밤바,0
남자 연예인 몸캠 단체 유출,0
디시 정보력 덕후,0
오빠 마음,0
10.2,0
문재인 전 대표 의문 트윗,1
오늘부 아빠 인연,0
황교안 노회찬 일화,1
음향 기기 감동 경험,0
시작 분탕질,0
기브 테이크냥,0
유저,0
이경규 개,0
검은색 청바지,0
새누리 성향 친구 문재인 진보,1
귤냥,0
한국 원리 원리퍼블릭 퍼블릭 인기,0
국회 의원,0
쉴드칠 사람 구분 연예인,0
5만 대출 문의,0
몸캠 사람,0
서유리 성우 오디션 탈락,0
게임 오픈 조공,0
대한민국 차기 영부인 클라스,0
주번나 여캠,0
일본 한국 걱정 최순실 사건 대대 방송,1
프라이드 갈릭,0
이슈 장도리 12 13,1
스파이더 스파이더맨 맨 홈 커밍 시놉시스 설정 이스터,0
주말 음식,0
다까끼 일가,0
문단 작성자,0
세이버 바리에이션,0
내장 32 스토리지 이유,0
원피스 피규어 몸매,0
사람 새끼 치트 키,0
망겜 갓 스킨,0
유시민 4 전 예언 시국,1
김무성 재산 138억,1
민아 유라 검정 스타킹,0
내일 아이슬란드,0
연예인 몸캠 영상,0
러시아 발견 괴생물체,0
뺑소니 냥,0
이번 몸캠 건 정보 기관 작품,0
국면 전환 최후 수단 남자 몸캠,0
한인섭 서울대 법학 전문 대학원 교수 코멘트,0
원피스 루피 피규어,0
개 사랑 5 영상 가슴 아픔 주의,0
주식,0
중식 업계 이연복 위치,0
여사친 집 술,0
10.2 정식 릴리즈,0
박태환 약 이유,0
공포 포켓몬 실루엣,0
옛날 군대 요즘 군대,0
후방 주의 잠,0
노회찬 황교안 관계 예전 노유진 정치 카페,1
아반떼,0
박지만 시절 미남,1
싸이코 싸이코패스 패스,0
낭만 닥터 김사부 작가 순진,0
전갱이 고등어 낚시 덤 소라 전복,0
사진 초보,0
내일자 갓 도리 만평,1
군대 사격장,0
헬파 티,0
유우머 발견 괴 생물체,0
청와대 방문 인증 샷 주호민 작가,1
화영 동생,0
여자,0
현남 여친 이상 소문,0
왕좌 왕좌의게임 게임 세계관 제일 검,0
쯔꾸르 호러 게임 사천왕,0
10.2 스샷 무음,0
미스터 미스터피자 피자 이벤트 컨셉질,0
남자 연예인 급,0
드래곤 드래곤볼 볼 야무치 실력,0
스포 주의 워킹 워킹데드 데드 악당,0
세정 꽃길,0
노 스포 판도라 이건 참 총체 난국,0
알바비 지급,0
아들 40 게이,0
상하 슬라이스 치즈 10 1000,0
오늘 난리 정호성 파일 공개 예정,1
바니걸 성 상품화 만화,0
후방 주의,0
지하철 옆 키 180 후반 120 정도 거구,0
월세 불리 이유,0
아이 허브 사이트,0
육군 외박 때 집,0
문재인 전 대표 인물 인물,1
드래곤 드래곤볼 볼 외전 작품,0
코스프레,0
방금 여사친 집 밑 글 보고,0
오피셜 호날두 개인 통산 발롱 발롱도르 도르 수상,0
지혜 아내,0
발롱 발롱도르 도르 현재 주요 순위,0
선박 생필품 공급 일,0
소비 심리 자영업자 폐업 속출,0
흑형,0
대선 압도 승리,0
노동청 별거,0
비앙키,0
여자 여자 인기,0
유게 처음 사람 속마음,0
태국 미녀 반전,0
일본 귀화 친일파 오선화 저주 망언,0
콜라 맛 사이다 맛 요구르트 맛 감자 칩 후기,0
형 발롱 수상,0
소비 심리 자영업자 폐업 속출,0
핸드폰 의견,0
런던 공항,0
우측 담장 전라도 광주 잘못 표현 본인,0
철벽녀,0
몸캠,0
프리랜서 좀,0
치즈,0
모델,0
불면 치료,0
원희룡 남경필,1
호우,0
100억 몸캠,0
서양 인기 동양 남자,0
일본 귀화 친일파 오선화 저주 망언,0
세레나 멘탈 붕괴,0
전라도 광주,0
전 목격 사이다,0
발롱 발롱도르 도르 마레즈 7 바디 8,0
진중권 누가 다음 트위터 폭파 후회,1
짝사랑 시인,0
난 획일화,0
동창생 문재인 미담,1
윈도우 10 블루 스크린 중지 코드 첨부,0
하이퍼 유니버스,0
전라도 광주 이상,0
주말 방콕 모드 때 샤워,0
수정 네이버 발롱 발롱도르 도르,0
유신 이전 박정희 지도자,1
민폐 테트리스,0
현직 닭집,0
집값 해결 월급 엠비,0
당신 뇌,0
눈썹 영구 화장 합법화,0
유부 게이 와이파이 이혼 말,0
타임지 선정 가장 영향력 캐릭터,0
로버트 사람,0
난방 텐트 5 차이,0
2016 가장 영향력 가상 캐릭터,0
호날두 에우제비오 게르트 게르트뮐러 뮐러 라인,0
연예 버릇,0
올 타임 넘버원 호돈,0
한밤 연예가 종방,0
노답 사이트 게시판,0
2016 발롱 발롱도르 도르 수상자,0
고양이 애교,0
금연 5 차,0
스포 주의 워킹 워킹데드 데드 작별 인사 영상,0
2 사사키 사사키노조미 노조미 라,0
말 겨루기 잭슨 박준형,0
12 22,0
배슬기 손 이래,0
부산 친구 이번 선거 문재인,1
교통 사고,0
대학생 실황,0
기타 10.2 정식 배포 시작,0
운영자 버그,0
10 핸폰 데이터 15 클리앙 평균,0
호날두,0
뽐뿌 다양성 인정,0
집,0
10.2,0
호날도 크루이프 객관 위,0
난 이때 개그,0
시장 인터뷰 본인 전략,0
연예 혼술족 여자 연예인 술,0
제자 하니,0
박정희 찬양 글 낮 이유,1
시베리안 시베리안허스키 허스키 강아지 생방송,0
대학교 썰,0
저가 항공사 뿌리,0
알콜 중독자 교도소 가면,0
대학교 강의 산 썰,0
마비노기 덕후 일,0
유신 이전 박정희 비민주,1
태국 미녀 반전,0
박정희 이후 30 경제 흐름,1
양날 의 탄생,0
대학생 공감,0
빅뱅 대실망,0
전,0
음 갤러 모임,0
통일 대박,0
호날두 메시 발롱 발롱도르 도르,0
블랙박스 보조 밧데리,0
뮬러 호날두 위,0
무음 버그 10.2,0
쓰레기 닌자,0
챔스 최근 10 챔피언스 챔피언스리그 리그 득점 왕 발롱 발롱도르 도르 1 수상,0
드라마 구미호 김태희 한예슬,0
발롱 시상식,0
네이버 아무 아무도모르게 발롱 발롱도르 도르 수정,0
오와콘 사람 심리 과정,0
사실 발롱 발롱도르 도르,0
인간 정점,0
리그 리그오브레전드 오브 레전드 장면 모음,0
뜬금 싱크패드 키감,0
중고 중고나라 나라 거래,0
시간 박정희 찬양,1
올해 호날두 발롱 발롱도르 도르 수상 다지 내년,0
야무치 주인공 버프,0
일면 초밥 뷔페 논란 가정 교육 배려 병신 생각,0
서태지 요즘,0
20 물가 변동 업종,0
컴터 사진 투척 쌀통 케이스,0
불페너 특징,0
정기고 소유 조합 망,0
레알 팬 베일 유리 몸 간과,0
결혼,0
일본 던파 매국노 소리,0
문재인,1
바바리맨 양궁부,0
문재인 트윗,1
김영삼 평가 때 공과 과,1
2008 몸무게,0
2016 발롱 발롱도르 도르 순위 호날두 메시 그리즈만,0
남자,0
빅뱅 멤버 수입 배분 지분 정도,0
미국 심각 인종 차별,0
사람 겸손,0
위기,0
시메오네 멘붕,0
하시모토 칸나 600 시도 촬영 컵 누들,0
그리즈만 3 메시 2,0
아파트 교도소 감성,0
유튜브 영국 남자 조쉬 와이프,0
주말 벨기에 물건,0
군대 모에화,0
과외 선생 경원대 가천대,0
19 후방 주의,0
전화 치킨 당첨,0
이어폰 가성비,0
클리앙 트럼프 정의 분,0
약국 약 마진 보통,0
독수리 독수리5형제 5 형제 인성 슈듄,0
재치기 이상 현실,0
나디아 노틸러스 풀 풀메탈패닉 메탈 패닉 다나 잠수함,0
기자 눈물,0
아파트 개,0
오빠 소개팅 해준 여동생,0
한겨레,0
3 효과,0
버거킹 너겟 킹 10 양이,0
나라 정당 당명,0
108 등짝 스매쉬,0
콜걸 지목 오나홀,0
남자 로망,0
김홍걸 위원장 수구 기득권 언론 목소리 헌재 판결,1
탈렌트 자기 아버지 이야기,0
충격 공포 엔딩,0
펌글 강원 강원fc 파격 행보 결말,0
글 덧글,0
새벽 11 연차 결과,0
피시방 빌런,0
주의,0
빈유 무빙,0
한국 어종 다해 한국,0
요즘 pc방 음식 카페,0
환상 똥꼬쇼,0
정호성 녹취 일부 공개,1
넌 여자 난,0
농약 자 1 친구 몸 썰,0
초딩 때 도서관 자 1 썰,0
만화 사상 빌런 집단 넘버 원,0
뻘글 잠 깨 야한거 최고,0
봉인,0
컬쳐 컬쳐랜드 랜드 티몬 캐쉬 전환,0
추성훈 야노 야노시호 시호 일본 집 100 아파트,0
몰입감 긴장감 최고 추억 게임,0
생애 처음 20만 등산복 구입 이유,0
씨 로시 줄 공개 영상 도촬 피해 입 연예인,0
pc방 돈,0
프로토 밀란,0
베리 굿 조현,0
프랜차이즈 pc방 몰락 이유,0
유재 일 오유 말,0
10 핸드폰 교체,0
길 태권도 도복 입고 애 특징,0
주방장 인성,0
패딩,0
구글 플레이 환불 대행 사람,0
프로듀스 프로듀스101 101 시즌 2,0
오늘 시드니 날씨,0
말포이,0
트와이스 개인 활동 가능 멤버,0
제주 20 실종 여성 모슬포 발견 나흘 해프닝,0
장군 좀,0
아베크롬비 한국 사실,0
헬스장 트레이너 쌍욕,0
샤워,0
18 몸,0
요양원 드립 욕 공익,0
손승연,0
팩트 폭력 판녀,0
오늘 야참 맥도날드,0
생일,0
정인영 남자 능력,0
성 폭행,0
리얼 사진,0
우익 하루,0
기타 국제 수영 연맹 홈페이지,0
백악관 트럼프 러시아 당선 격분,0
채널 채널a 단독 노점상 40억 명동 악마,0
옛날 공작 카드 소름,0
계란 1 1,0
화성 테라 포밍 희망,0
15 19금,0
주차장 자전거 주차,0
무대 설치 알바,0
19금 2 이상,0
자기 자신 사랑 방법,0
태블릿 입수 경로 태클,0
여기 오늘 날씨,0
당신 현대 현대차 차,0
천조국 한국 사람,0
신문 기자 사이 찌라시 보배 펌,0
미국 대선 위스콘신 재검표 끝,0
코 돈 삥 기계,0
한복 좀,0
위층 할배,0
국민덕 정부 탓 사람,0
프로토 눈 이,0
19 짤 좀,0
시배목 상황 컨텐츠 짤,0
서울대 법대생 천재 칭송 진경준,0
피곤 방금 편의점 여자 알바,0
나무 위키 사진 문서 눈물 설교,0
진화 들,0
대구 사투리 레전드,0
중국 한국 경제 수역 고기 이유,0
고양이 분양 레전드,0
빵 밀가루 거대 기계,0
몰 삼성 티비 배송 안내 후 취소,0
관리자 자지 움짤,0
마트 직원 양심 고백,0
버스 민폐녀,0
월화 드라마 시청률 추이,0
스님 비누 효능,0
진 짬뽕 갓 짬뽕 해도,0
35 최근 사진,0
단톡 방 후배 집합 선배,0
오빠 소개팅 여동생,0
트위터,0
사람 이유,0
10 뽑기권,0
이재명 네이버 블록 요구 블로그,1
설현 시작 화요일 화요일아침 아침,0
트럼프 노무현 생각 미국 미국민주당 민주당 새 누리 급,0
부산 출근길,0
오늘 아침 아침식사 식사,0
프로토 하루 따자,0
고고학자 단체 멘붕 유적,0
소고기 거품 원인,0
오늘 뉴스 룸 김상조 교수,0
19 스트립 스트립바 바,0
취업 나이 마지노선 남 녀 30 28,0
마블스 포주 어벤져스 3 신규 히어,0
독일인 오피녀 후기,0
매국노 아프리카 아프리카티비 티비,0
걸스데이 민아,0
트윗,0
치킨 칼로리 차이,0
스압 세계 나무,0
팩트 폭행,0
시간 순삭,0
햄버그 세트 염분,0
온라인 시민 의회 논란 김제동 대표 자격 종합,0
오늘 아침 딸램,0
생각 태블릿,0
리뉴얼 이후 창렬 과자,0
10.2 업데이트,0
이번 몸캠 사태 심각,0
요즘 여고생,0
생각 전생 물,0
트와이스 성형,0
촛불 집회 선동 한국 국민 비판,0
여자 번호,0
딸네미,0
개 시름,0
기타 러브 러브라이브 라이브 시작,0
영업직 출근 이틀,0
이름,0
17 개봉 영화,0
초밥 100,0
사람 몸캠,0
타임지 선정 가장 영향력 가상,0
칭찬 글 신고가,0
무개념 퇴치 썰,0
5 은행장 내년 집값 15,0
상상력 끝,0
화장 위엄,0
단독 바다 바다의전설 전설 10 전 시나리오 유사 무명 작가 주장,0
섹스 후 깨달음,0
치약 표시 네모 의미,0
버스 빈자리 가방,0
지하철 좌석 사이 사이 칸막이,0
안드로이드 망가 번외,0